기준년도,학교명,본분교명,설립유형,"전임교원1인당논문실적(국내, 연구재단등재지(후보포함))","전임교원1인당논문실적(국제, SCI급/SCOPUS학술지)"
2007,가야대학교,본교,사립,0.25,0.0
2007,가천의과학대학교,본교,사립,0.1729,0.0726
2007,가톨릭대학교,본교,사립,0.7297,0.1417
2007,감리교신학대학교,본교,사립,0.2059,0.0
2007,강남대학교,본교,사립,0.627,0.0366
2007,강서대학교,본교,사립,0.1846,0.0
2007,건국대학교,본교,사립,0.5488,0.3088
2007,건동대학교,본교,사립,0.2394,0.0424
2007,건양대학교,본교,사립,0.5218,0.0282
2007,경기대학교,본교,사립,0.634,0.0547
2007,경남대학교,본교,사립,0.689,0.0973
2007,경동대학교,본교,사립,0.2824,0.0
2007,경북외국어대학교,본교,사립,0.0,0.0
2007,경성대학교,본교,사립,0.7028,0.0688
2007,경운대학교,본교,사립,0.2616,0.025
2007,경원대학교,본교,사립,0.5948,0.101
2007,경일대학교,본교,사립,0.2813,0.0333
2007,경주대학교,본교,사립,0.5346,0.0215
2007,경희대학교,본교,사립,0.5492,0.2
2007,경희사이버대학교,본교,사립,0.6091,0.0091
2007,계명대학교,본교,사립,0.381,0.0637
2007,고려대학교,본교,사립,0.5634,0.6593
2007,고려사이버대학교,본교,사립,0.5081,0.0
2007,고신대학교,본교,사립,0.2904,0.0296
2007,관동대학교,본교,사립,0.1364,0.0488
2007,광신대학교,본교,사립,0.0,0.0
2007,광운대학교,본교,사립,0.738,0.3865
2007,광주가톨릭대학교,본교,사립,0.1176,0.0
2007,광주대학교,본교,사립,0.244,0.0253
2007,광주여자대학교,본교,사립,0.3652,0.0
2007,국민대학교,본교,사립,0.5967,0.2267
2007,국제사이버대학교,본교,사립,0.2308,0.0
2007,극동대학교,본교,사립,0.2761,0.0169
2007,금강대학교,본교,사립,0.69,0.0
2007,꽃동네현도사회복지대학교,본교,사립,0.8263,0.0
2007,나사렛대학교,본교,사립,0.3,0.0046
2007,남부대학교,본교,사립,0.3902,0.0491
2007,남서울대학교,본교,사립,0.9155,0.0087
2007,단국대학교,본교,사립,0.6866,0.139
2007,대구가톨릭대학교,본교,사립,0.6857,0.1584
2007,대구대학교,본교,사립,0.7995,0.1005
2007,대구사이버대학교,본교,사립,0.4765,0.0294
2007,대구예술대학교,본교,사립,0.2156,0.0
2007,대구외국어대학교,본교,사립,0.0,0.0
2007,대구한의대학교,본교,사립,0.6266,0.0544
2007,대불대학교,본교,사립,0.2364,0.06
2007,대신대학교,본교,사립,0.2206,0.0
2007,대전가톨릭대학교,본교,사립,0.0,0.0
2007,대전대학교,본교,사립,0.4008,0.0309
2007,대전신학교,본교,사립,0.4545,0.0
2007,대진대학교,본교,사립,0.4464,0.0391
2007,덕성여자대학교,본교,사립,0.8445,0.1129
2007,동국대학교,본교,사립,0.8514,0.1777
2007,동덕여자대학교,본교,사립,0.4657,0.0091
2007,동명대학교,본교,사립,0.6621,0.0207
2007,동서대학교,본교,사립,0.3798,0.0722
2007,동신대학교,본교,사립,0.4063,0.0121
2007,동아대학교,본교,사립,0.5683,0.1803
2007,동양대학교,본교,사립,0.2486,0.0224
2007,동의대학교,본교,사립,0.8508,0.1235
2007,루터대학교,본교,사립,0.2647,0.0
2007,명신대학교,본교,사립,0.0465,0.0
2007,명지대학교,본교,사립,0.4026,0.2357
2007,목원대학교,본교,사립,0.4472,0.0202
2007,목포가톨릭대학교,본교,사립,0.42,0.0
2007,배재대학교,본교,사립,0.7194,0.0548
2007,백석대학교,본교,사립,0.281,0.0159
2007,부산가톨릭대학교,본교,사립,0.3215,0.0376
2007,부산디지털대학교,본교,사립,0.0,0.02
2007,부산외국어대학교,본교,사립,0.5237,0.007
2007,부산장신대학교,본교,사립,0.2647,0.0
2007,사이버한국외국어대학교,본교,사립,0.8125,0.0
2007,삼육대학교,본교,사립,0.4286,0.0422
2007,상명대학교,본교,사립,0.5829,0.0386
2007,상지대학교,본교,사립,1.0775,0.0578
2007,서강대학교,본교,사립,0.815,0.3571
2007,서경대학교,본교,사립,0.6872,0.0291
2007,서남대학교,본교,사립,0.1553,0.0197
2007,서울기독대학교,본교,사립,0.4897,0.0069
2007,서울디지털대학교,본교,사립,0.5412,0.0
2007,서울사이버대학교,본교,사립,0.2442,0.007
2007,서울신학대학교,본교,사립,0.35,0.0
2007,서울여자대학교,본교,사립,0.8934,0.108
2007,서울장신대학교,본교,사립,0.0303,0.0
2007,서울한영대학교,본교,사립,0.0881,0.0
2007,서원대학교,본교,사립,0.4877,0.0111
2007,선교청대학교,본교,사립,0.0,0.0
2007,선문대학교,본교,사립,0.5585,0.1159
2007,성결대학교,본교,사립,0.3591,0.0047
2007,성공회대학교,본교,사립,0.3667,0.0128
2007,성균관대학교,본교,사립,0.8452,0.0934
2007,성신여자대학교,본교,사립,0.5163,0.0563
2007,세명대학교,본교,사립,0.3388,0.0551
2007,세종대학교,본교,사립,0.4787,0.4102
2007,세종사이버대학교,본교,사립,0.3579,0.0
2007,수원가톨릭대학교,본교,사립,0.0,0.0
2007,수원대학교,본교,사립,0.3915,0.0657
2007,숙명여자대학교,본교,사립,0.6116,0.1116
2007,순천향대학교,본교,사립,0.6541,0.1647
2007,숭실대학교,본교,사립,0.8526,0.1567
2007,숭실사이버대학교,본교,사립,0.4074,0.0
2007,신경대학교,본교,사립,0.0476,0.0
2007,신라대학교,본교,사립,0.5613,0.0313
2007,아세아연합신학대학교,본교,사립,0.0488,0.0244
2007,아주대학교,본교,사립,0.4802,0.4104
2007,안양대학교,본교,사립,0.3,0.0538
2007,연세대학교,본교,사립,0.6705,0.8035
2007,열린사이버대학교,본교,사립,0.2389,0.0556
2007,영남대학교,본교,사립,0.7692,0.2223
2007,영남신학대학교,본교,사립,0.16,0.0
2007,영동대학교,본교,사립,0.2033,0.0149
2007,영산대학교,본교,사립,0.5104,0.0
2007,영산선학대학교,본교,사립,0.0,0.0
2007,예수대학교,본교,사립,0.3667,0.0
2007,예원예술대학교,본교,사립,0.0805,0.0122
2007,용인대학교,본교,사립,0.3645,0.0084
2007,우석대학교,본교,사립,0.5075,0.0717
2007,우송대학교,본교,사립,0.0943,0.0102
2007,울산대학교,본교,사립,0.4257,0.3456
2007,원광대학교,본교,사립,0.438,0.0838
2007,원광디지털대학교,본교,사립,0.015,0.0
2007,위덕대학교,본교,사립,0.336,0.0297
2007,을지대학교,본교,사립,0.3885,0.1172
2007,이화여자대학교,본교,사립,0.6344,0.3142
2007,인제대학교,본교,사립,0.3628,0.1647
2007,인천가톨릭대학교,본교,사립,0.12,0.0
2007,인하대학교,본교,사립,0.5646,0.5006
2007,장로회신학대학교,본교,사립,0.1804,0.0
2007,전주대학교,본교,사립,0.5155,0.0587
2007,조선대학교,본교,사립,0.5496,0.1738
2007,중부대학교,본교,사립,0.3072,0.003
2007,중앙대학교,본교,사립,0.9536,0.3265
2007,중앙승가대학교,본교,사립,0.0,0.0
2007,차의과학대학교,본교,사립,0.1962,0.0915
2007,청운대학교,본교,사립,0.6807,0.0294
2007,청주대학교,본교,사립,0.7684,0.0584
2007,초당대학교,본교,사립,0.167,0.008
2007,총신대학교,본교,사립,0.3611,0.0
2007,추계예술대학교,본교,사립,0.0435,0.0
2007,침례신학대학교,본교,사립,0.187,0.0
2007,칼빈대학교,본교,사립,0.0,0.0
2007,탐라대학교,본교,사립,0.5708,0.0
2007,평택대학교,본교,사립,0.4065,0.004
2007,포항공과대학교,본교,사립,0.0915,0.9267
2007,한국국제대학교,본교,사립,0.1186,0.0149
2007,한국기술교육대학교,본교,사립,0.7521,0.0685
2007,한국산업기술대학교,본교,사립,0.1466,0.1082
2007,한국성서대학교,본교,사립,0.7286,0.0286
2007,한국외국어대학교,본교,사립,1.0081,0.0159
2007,한국정보통신대학교,본교,사립,0.4406,1.3328
2007,한국항공대학교,본교,사립,0.3563,0.1681
2007,한남대학교,본교,사립,0.5257,0.0767
2007,한동대학교,본교,사립,0.186,0.0886
2007,한라대학교,본교,사립,0.4276,0.0644
2007,한려대학교(산업대),본교,사립,0.2286,0.0071
2007,한림대학교,본교,사립,0.3295,0.1602
2007,한민학교,본교,사립,0.0,0.0
2007,한북대학교,본교,사립,0.0542,0.0
2007,한서대학교,본교,사립,0.4432,0.0559
2007,한성대학교,본교,사립,0.5935,0.0259
2007,한성디지털대학교,본교,사립,0.15,0.0
2007,한세대학교,본교,사립,0.3337,0.0
2007,한신대학교,본교,사립,0.715,0.0136
2007,한양대학교,본교,사립,0.7203,0.5306
2007,한양사이버대학교,본교,사립,0.5957,0.0255
2007,한일장신대학교,본교,사립,0.4923,0.0
2007,한중대학교,본교,사립,0.1605,0.0062
2007,협성대학교,본교,사립,0.5054,0.0054
2007,호남대학교,본교,사립,0.2529,0.0346
2007,호남신학대학교,본교,사립,0.5185,0.0
2007,호서대학교,본교,사립,0.7353,0.1577
2007,호원대학교,본교,사립,0.4188,0.0256
2007,홍익대학교,본교,사립,0.5081,0.1952
2008,가야대학교,본교,사립,0.2,0.0
2008,가천의과학대학교,본교,사립,0.2408,0.1401
2008,가톨릭대학교,본교,사립,0.7205,0.1135
2008,감리교신학대학교,본교,사립,0.2059,0.0
2008,강남대학교,본교,사립,0.4889,0.0404
2008,강서대학교,본교,사립,0.3,0.0
2008,건국대학교,본교,사립,0.5448,0.3663
2008,건동대학교,본교,사립,0.0323,0.0
2008,건양대학교,본교,사립,0.5087,0.0128
2008,경기대학교,본교,사립,0.6825,0.1211
2008,경남대학교,본교,사립,0.6752,0.1
2008,경동대학교,본교,사립,0.0957,0.0
2008,경북외국어대학교,본교,사립,0.0611,0.0
2008,경성대학교,본교,사립,0.7427,0.0745
2008,경운대학교,본교,사립,0.4501,0.0447
2008,경원대학교,본교,사립,0.5687,0.0952
2008,경일대학교,본교,사립,0.224,0.0848
2008,경주대학교,본교,사립,0.5038,0.0085
2008,경희대학교,본교,사립,0.8332,0.282
2008,경희사이버대학교,본교,사립,0.8829,0.0171
2008,계명대학교,본교,사립,0.627,0.1157
2008,고려대학교,본교,사립,0.5486,0.5499
2008,고려사이버대학교,본교,사립,0.6513,0.0077
2008,고신대학교,본교,사립,0.2668,0.0606
2008,관동대학교,본교,사립,0.2311,0.0747
2008,광신대학교,본교,사립,0.0564,0.0
2008,광운대학교,본교,사립,0.6546,0.2775
2008,광주가톨릭대학교,본교,사립,0.0556,0.0
2008,광주대학교,본교,사립,0.2914,0.0068
2008,광주여자대학교,본교,사립,0.423,0.006
2008,국민대학교,본교,사립,0.4887,0.1568
2008,국제사이버대학교,본교,사립,0.24,0.0
2008,극동대학교,본교,사립,0.1833,0.0028
2008,금강대학교,본교,사립,0.4364,0.0
2008,꽃동네현도사회복지대학교,본교,사립,0.6571,0.0524
2008,나사렛대학교,본교,사립,0.4006,0.0042
2008,남부대학교,본교,사립,0.2652,0.0576
2008,남서울대학교,본교,사립,0.5216,0.0176
2008,단국대학교,본교,사립,0.6786,0.1657
2008,대구가톨릭대학교,본교,사립,0.7199,0.2068
2008,대구대학교,본교,사립,0.8255,0.1007
2008,대구사이버대학교,본교,사립,0.6263,0.0
2008,대구예술대학교,본교,사립,0.0545,0.0
2008,대구외국어대학교,본교,사립,0.3769,0.0
2008,대구한의대학교,본교,사립,0.8414,0.1328
2008,대불대학교,본교,사립,0.1472,0.0264
2008,대신대학교,본교,사립,0.1784,0.0
2008,대전가톨릭대학교,본교,사립,0.0,0.0
2008,대전대학교,본교,사립,0.5762,0.0491
2008,대전신학대학교,본교,사립,0.0,0.0
2008,대진대학교,본교,사립,0.4336,0.0345
2008,덕성여자대학교,본교,사립,0.7305,0.103
2008,동국대학교,본교,사립,0.6857,0.1793
2008,동덕여자대학교,본교,사립,0.4606,0.0296
2008,동명대학교,본교,사립,0.4657,0.0174
2008,동서대학교,본교,사립,0.3729,0.0229
2008,동신대학교,본교,사립,0.4461,0.0245
2008,동아대학교,본교,사립,0.5785,0.1779
2008,동양대학교,본교,사립,0.2582,0.01
2008,동의대학교,본교,사립,0.7658,0.1259
2008,디지털서울문화예술대학교,본교,사립,0.0,0.0
2008,루터대학교,본교,사립,0.2222,0.0
2008,명신대학교,본교,사립,0.05,0.0
2008,명지대학교,본교,사립,0.3543,0.3051
2008,목원대학교,본교,사립,0.3623,0.0221
2008,목포가톨릭대학교,본교,사립,0.6375,0.0125
2008,배재대학교,본교,사립,0.6367,0.0714
2008,백석대학교,본교,사립,0.2975,0.0099
2008,부산가톨릭대학교,본교,사립,0.4101,0.0152
2008,부산디지털대학교,본교,사립,0.0313,0.0
2008,부산외국어대학교,본교,사립,0.5532,0.0304
2008,부산장신대학교,본교,사립,0.8882,0.0
2008,사이버한국외국어대학교,본교,사립,0.5667,0.0
2008,삼육대학교,본교,사립,0.3716,0.0278
2008,상명대학교,본교,사립,0.7234,0.0533
2008,상지대학교,본교,사립,1.0335,0.0413
2008,서강대학교,본교,사립,0.6743,0.3174
2008,서경대학교,본교,사립,0.4802,0.0282
2008,서남대학교,본교,사립,0.0969,0.0214
2008,서울기독대학교,본교,사립,0.4633,0.0
2008,서울디지털대학교,본교,사립,0.6365,0.0096
2008,서울사이버대학교,본교,사립,0.2955,0.0091
2008,서울신학대학교,본교,사립,0.2747,0.0
2008,서울여자대학교,본교,사립,0.667,0.0763
2008,서울장신대학교,본교,사립,0.0059,0.0
2008,서울한영대학교,본교,사립,0.1024,0.0
2008,서원대학교,본교,사립,0.4326,0.0273
2008,선교청대학교,본교,사립,0.0,0.0
2008,선문대학교,본교,사립,0.6727,0.1081
2008,성결대학교,본교,사립,0.2461,0.0206
2008,성공회대학교,본교,사립,0.2734,0.0063
2008,성균관대학교,본교,사립,0.7675,0.065
2008,성신여자대학교,본교,사립,0.6747,0.041
2008,세명대학교,본교,사립,0.5758,0.0338
2008,세종대학교,본교,사립,0.5094,0.3405
2008,세종사이버대학교,본교,사립,0.4682,0.0455
2008,수원가톨릭대학교,본교,사립,0.0769,0.0
2008,수원대학교,본교,사립,0.5765,0.0697
2008,숙명여자대학교,본교,사립,0.5445,0.087
2008,순천향대학교,본교,사립,0.4146,0.1598
2008,숭실대학교,본교,사립,0.9284,0.1941
2008,숭실사이버대학교,본교,사립,0.25,0.0
2008,신경대학교,본교,사립,0.2167,0.0083
2008,신라대학교,본교,사립,0.5681,0.0563
2008,아세아연합신학대학교,본교,사립,0.0488,0.0
2008,아주대학교,본교,사립,0.4447,0.3809
2008,안양대학교,본교,사립,0.1844,0.0181
2008,연세대학교,본교,사립,0.4502,0.63
2008,열린사이버대학교,본교,사립,0.0412,0.0
2008,영남대학교,본교,사립,0.7056,0.2724
2008,영남신학대학교,본교,사립,0.3577,0.0
2008,영동대학교,본교,사립,0.15,0.0259
2008,영산대학교,본교,사립,0.4858,0.0016
2008,영산선학대학교,본교,사립,0.0,0.0
2008,예수대학교,본교,사립,0.5667,0.0333
2008,예원예술대학교,본교,사립,0.0217,0.0
2008,용인대학교,본교,사립,0.3402,0.0037
2008,우석대학교,본교,사립,0.3543,0.1249
2008,우송대학교,본교,사립,0.1122,0.0085
2008,울산대학교,본교,사립,0.3405,0.3571
2008,원광대학교,본교,사립,0.5732,0.1094
2008,원광디지털대학교,본교,사립,0.1789,0.0
2008,위덕대학교,본교,사립,0.3264,0.0245
2008,을지대학교,본교,사립,0.405,0.1431
2008,이화여자대학교,본교,사립,0.6429,0.2283
2008,인제대학교,본교,사립,0.4028,0.1671
2008,인천가톨릭대학교,본교,사립,0.2069,0.0
2008,인하대학교,본교,사립,0.5725,0.5341
2008,장로회신학대학교,본교,사립,0.0943,0.0
2008,전주대학교,본교,사립,0.5597,0.0784
2008,정석대학,본교,사립,0.0,0.0
2008,조선대학교,본교,사립,0.504,0.2471
2008,중부대학교,본교,사립,0.2824,0.0074
2008,중앙대학교,본교,사립,0.8959,0.2689
2008,중앙승가대학교,본교,사립,0.0,0.0
2008,중원대학교,본교,사립,0.0,0.0
2008,차의과학대학교,본교,사립,0.1359,0.1675
2008,청운대학교,본교,사립,0.9299,0.0619
2008,청주대학교,본교,사립,0.8364,0.0745
2008,초당대학교,본교,사립,0.2612,0.0141
2008,총신대학교,본교,사립,0.3851,0.0043
2008,추계예술대학교,본교,사립,0.0087,0.0
2008,침례신학대학교,본교,사립,0.3208,0.0
2008,칼빈대학교,본교,사립,0.0357,0.0
2008,탐라대학교,본교,사립,0.2583,0.0
2008,평택대학교,본교,사립,0.4185,0.0151
2008,포항공과대학교,본교,사립,0.1427,1.5396
2008,한국국제대학교,본교,사립,0.1877,0.0196
2008,한국기술교육대학교,본교,사립,0.6178,0.125
2008,한국산업기술대학교,본교,사립,0.0617,0.0773
2008,한국성서대학교,본교,사립,0.6355,0.0065
2008,한국외국어대학교,본교,사립,1.0283,0.0079
2008,한국항공대학교,본교,사립,0.7721,0.2943
2008,한남대학교,본교,사립,0.5876,0.0991
2008,한동대학교,본교,사립,0.1077,0.0265
2008,한라대학교,본교,사립,0.5239,0.0087
2008,한려대학교(산업대),본교,사립,0.1341,0.0091
2008,한림대학교,본교,사립,0.3272,0.1627
2008,한민학교,본교,사립,0.0,0.0
2008,한북대학교,본교,사립,0.1821,0.0571
2008,한서대학교,본교,사립,0.4426,0.0494
2008,한성대학교,본교,사립,0.5932,0.0244
2008,한세대학교,본교,사립,0.2524,0.0223
2008,한신대학교,본교,사립,0.7587,0.0301
2008,한양대학교,본교,사립,0.5899,0.5306
2008,한양사이버대학교,본교,사립,0.9675,0.025
2008,한일장신대학교,본교,사립,0.3537,0.0
2008,한중대학교,본교,사립,0.1679,0.016
2008,협성대학교,본교,사립,0.4916,0.0126
2008,호남대학교,본교,사립,0.3052,0.0211
2008,호남신학대학교,본교,사립,0.3962,0.0
2008,호서대학교,본교,사립,0.5607,0.1057
2008,호원대학교,본교,사립,0.4526,0.0173
2008,홍익대학교,본교,사립,0.4642,0.1249
2008,화신사이버대학교,본교,사립,0.0,0.0
2009,가천의과학대학교,본교,사립,0.4983,0.2225
2009,가톨릭대학교,본교,사립,0.8057,0.1562
2009,감리교신학대학교,본교,사립,0.1559,0.0
2009,강남대학교,본교,사립,0.6794,0.0336
2009,강서대학교,본교,사립,0.5366,0.0049
2009,건국대학교,본교,사립,0.5316,0.3629
2009,건동대학교,본교,사립,0.0909,0.0
2009,건양대학교,본교,사립,0.4458,0.0163
2009,경기대학교,본교,사립,0.684,0.1181
2009,경남대학교,본교,사립,0.6601,0.0997
2009,경동대학교,본교,사립,0.1268,0.0014
2009,경북외국어대학교,본교,사립,0.0905,0.0
2009,경성대학교,본교,사립,0.7588,0.0994
2009,경운대학교,본교,사립,0.2629,0.0084
2009,경원대학교,본교,사립,0.6232,0.0972
2009,경일대학교,본교,사립,0.2034,0.0307
2009,경주대학교,본교,사립,0.4136,0.0073
2009,경희대학교,본교,사립,0.7551,0.3921
2009,경희사이버대학교,본교,사립,0.7279,0.0
2009,계명대학교,본교,사립,0.6288,0.1138
2009,고려대학교,본교,사립,0.5503,0.5865
2009,고려사이버대학교,본교,사립,0.6975,0.02
2009,고신대학교,본교,사립,0.3593,0.0813
2009,관동대학교,본교,사립,0.258,0.098
2009,광신대학교,본교,사립,0.0564,0.0
2009,광운대학교,본교,사립,1.0315,0.44
2009,광주가톨릭대학교,본교,사립,0.0,0.0
2009,광주대학교,본교,사립,0.2919,0.0149
2009,광주여자대학교,본교,사립,0.2292,0.0108
2009,국민대학교,본교,사립,0.5448,0.1877
2009,국제사이버대학교,본교,사립,0.1385,0.0
2009,극동대학교,본교,사립,0.2434,0.0053
2009,글로벌사이버대학교,본교,사립,0.0,0.0
2009,금강대학교,본교,사립,0.4038,0.0
2009,김천대학교,본교,사립,0.124,0.0048
2009,꽃동네현도사회복지대학교,본교,사립,0.6545,0.0
2009,나사렛대학교,본교,사립,0.4465,0.0058
2009,남부대학교,본교,사립,0.3389,0.04
2009,남서울대학교,본교,사립,0.6106,0.0282
2009,단국대학교,본교,사립,0.767,0.0768
2009,대구가톨릭대학교,본교,사립,0.7478,0.1904
2009,대구대학교,본교,사립,0.8592,0.1076
2009,대구사이버대학교,본교,사립,0.4952,0.0
2009,대구예술대학교,본교,사립,0.0917,0.0
2009,대구외국어대학교,본교,사립,0.7,0.0
2009,대구한의대학교,본교,사립,0.7463,0.101
2009,대불대학교,본교,사립,0.3067,0.0144
2009,대신대학교,본교,사립,0.3853,0.0
2009,대전가톨릭대학교,본교,사립,0.0,0.0
2009,대전대학교,본교,사립,0.6176,0.0552
2009,대전신학대학교,본교,사립,0.0,0.0
2009,대진대학교,본교,사립,0.4796,0.0349
2009,덕성여자대학교,본교,사립,0.7794,0.1617
2009,동국대학교,본교,사립,0.7352,0.2055
2009,동덕여자대학교,본교,사립,0.5238,0.028
2009,동명대학교,본교,사립,0.6084,0.0205
2009,동서대학교,본교,사립,0.4457,0.0575
2009,동신대학교,본교,사립,0.4221,0.023
2009,동아대학교,본교,사립,0.6078,0.2209
2009,동양대학교,본교,사립,0.1585,0.0271
2009,동의대학교,본교,사립,0.7575,0.1275
2009,디지털서울문화예술대학교,본교,사립,0.0625,0.0
2009,루터대학교,본교,사립,0.2,0.0
2009,명신대학교,본교,사립,0.2297,0.0
2009,명지대학교,본교,사립,0.3119,0.368
2009,목원대학교,본교,사립,0.4916,0.0282
2009,목포가톨릭대학교,본교,사립,0.5867,0.0
2009,배재대학교,본교,사립,0.6876,0.0491
2009,백석대학교,본교,사립,0.3943,0.0014
2009,부산가톨릭대학교,본교,사립,0.3961,0.0245
2009,부산디지털대학교,본교,사립,0.2375,0.0
2009,부산외국어대학교,본교,사립,0.6403,0.0
2009,부산장신대학교,본교,사립,0.5059,0.0
2009,사이버한국외국어대학교,본교,사립,0.7,0.0
2009,삼육대학교,본교,사립,0.5232,0.0357
2009,상명대학교,본교,사립,0.7259,0.0879
2009,상지대학교,본교,사립,0.8992,0.0429
2009,서강대학교,본교,사립,0.6863,0.399
2009,서경대학교,본교,사립,0.3753,0.0268
2009,서남대학교,본교,사립,0.1106,0.0163
2009,서울기독대학교,본교,사립,0.1897,0.0345
2009,서울디지털대학교,본교,사립,0.473,0.0
2009,서울사이버대학교,본교,사립,0.5023,0.0233
2009,서울신학대학교,본교,사립,0.3519,0.0012
2009,서울여자대학교,본교,사립,0.6725,0.0948
2009,서울장신대학교,본교,사립,0.0229,0.0
2009,서울한영대학교,본교,사립,0.2366,0.0
2009,서원대학교,본교,사립,0.4355,0.0163
2009,선교청대학교,본교,사립,0.01,0.0
2009,선문대학교,본교,사립,0.6961,0.12
2009,성결대학교,본교,사립,0.2689,0.0075
2009,성공회대학교,본교,사립,0.2859,0.0244
2009,성균관대학교,본교,사립,0.3664,0.6377
2009,성신여자대학교,본교,사립,0.7006,0.0487
2009,세명대학교,본교,사립,0.6293,0.0455
2009,세종대학교,본교,사립,0.525,0.3761
2009,세종사이버대학교,본교,사립,0.5087,0.0304
2009,수원가톨릭대학교,본교,사립,0.1818,0.0
2009,수원대학교,본교,사립,0.4682,0.0629
2009,숙명여자대학교,본교,사립,0.6744,0.103
2009,순복음총회신학교,본교,사립,0.0,0.0
2009,순천향대학교,본교,사립,0.359,0.1497
2009,숭실대학교,본교,사립,0.95,0.1963
2009,숭실사이버대학교,본교,사립,0.7267,0.0067
2009,신경대학교,본교,사립,0.0828,0.0
2009,신라대학교,본교,사립,0.8123,0.0437
2009,아세아연합신학대학교,본교,사립,0.2632,0.0
2009,아주대학교,본교,사립,0.4296,0.4093
2009,안양대학교,본교,사립,0.3432,0.0086
2009,연세대학교,본교,사립,0.5356,0.6915
2009,영남대학교,본교,사립,0.7015,0.3215
2009,영남신학대학교,본교,사립,0.2308,0.0
2009,영동대학교,본교,사립,0.2095,0.0229
2009,영산대학교,본교,사립,0.5015,0.0109
2009,영산선학대학교,본교,사립,0.0,0.0
2009,예수대학교,본교,사립,0.6042,0.0458
2009,예원예술대학교,본교,사립,0.0222,0.0
2009,용인대학교,본교,사립,0.3671,0.012
2009,우석대학교,본교,사립,0.6731,0.1028
2009,우송대학교,본교,사립,0.3459,0.0257
2009,울산대학교,본교,사립,0.3851,0.3383
2009,원광대학교,본교,사립,0.6282,0.1425
2009,원광디지털대학교,본교,사립,0.6458,0.0
2009,위덕대학교,본교,사립,0.4303,0.033
2009,을지대학교,본교,사립,0.2341,0.1355
2009,이화여자대학교,본교,사립,0.6189,0.2581
2009,인제대학교,본교,사립,0.3718,0.1693
2009,인천가톨릭대학교,본교,사립,0.1828,0.0
2009,인하대학교,본교,사립,0.5302,0.5662
2009,장로회신학대학교,본교,사립,0.6087,0.0
2009,전주대학교,본교,사립,0.6022,0.0573
2009,조선대학교,본교,사립,0.5471,0.2372
2009,중부대학교,본교,사립,0.3696,0.0079
2009,중앙대학교,본교,사립,1.0431,0.3959
2009,중앙승가대학교,본교,사립,0.0,0.0
2009,중원대학교,본교,사립,0.0071,0.1476
2009,차의과학대학교,본교,사립,0.1313,0.1699
2009,청운대학교,본교,사립,0.9,0.0278
2009,청주대학교,본교,사립,0.6707,0.0641
2009,초당대학교,본교,사립,0.3713,0.034
2009,총신대학교,본교,사립,0.6108,0.0
2009,추계예술대학교,본교,사립,0.0449,0.0
2009,침례신학대학교,본교,사립,0.3265,0.0
2009,칼빈대학교,본교,사립,0.2222,0.0
2009,탐라대학교,본교,사립,0.5591,0.0
2009,평택대학교,본교,사립,0.4764,0.0016
2009,포항공과대학교,본교,사립,0.1919,1.3185
2009,한국국제대학교,본교,사립,0.35,0.0123
2009,한국기술교육대학교,본교,사립,0.5758,0.1229
2009,한국산업기술대학교,본교,사립,0.1494,0.0539
2009,한국성서대학교,본교,사립,0.5941,0.0882
2009,한국외국어대학교,본교,사립,1.1111,0.0261
2009,한국항공대학교,본교,사립,0.4752,0.2376
2009,한남대학교,본교,사립,0.8436,0.1105
2009,한동대학교,본교,사립,0.2269,0.0185
2009,한라대학교,본교,사립,0.4806,0.0172
2009,한려대학교(산업대),본교,사립,0.1121,0.0
2009,한림대학교,본교,사립,0.3107,0.1624
2009,한민학교,본교,사립,0.0,0.0
2009,한북대학교,본교,사립,0.1178,0.0022
2009,한서대학교,본교,사립,0.614,0.0698
2009,한성대학교,본교,사립,0.5925,0.0327
2009,한세대학교,본교,사립,0.235,0.0107
2009,한신대학교,본교,사립,0.9665,0.0497
2009,한양대학교,본교,사립,0.596,0.5228
2009,한양사이버대학교,본교,사립,1.1638,0.0431
2009,한일장신대학교,본교,사립,0.3622,0.0
2009,한중대학교,본교,사립,0.1434,0.0024
2009,협성대학교,본교,사립,0.6269,0.0131
2009,호남대학교,본교,사립,0.3608,0.0258
2009,호남신학대학교,본교,사립,0.4483,0.0
2009,호서대학교,본교,사립,0.6706,0.1135
2009,호원대학교,본교,사립,0.4271,0.0214
2009,홍익대학교,본교,사립,0.4114,0.1326
2009,화신사이버대학교,본교,사립,0.0,0.0
2010,가천의과학대학교,본교,사립,0.3169,0.2253
2010,가톨릭대학교,본교,사립,0.7796,0.2059
2010,감리교신학대학교,본교,사립,0.2647,0.0029
2010,강남대학교,본교,사립,0.6364,0.0186
2010,강서대학교,본교,사립,0.5233,0.0047
2010,건국대학교,본교,사립,0.5894,0.416
2010,건동대학교,본교,사립,0.0481,0.0
2010,건양대학교,본교,사립,0.4919,0.0226
2010,경기대학교,본교,사립,0.7134,0.1347
2010,경남대학교,본교,사립,0.6928,0.1306
2010,경동대학교,본교,사립,0.1453,0.0
2010,경북외국어대학교,본교,사립,0.0971,0.0
2010,경성대학교,본교,사립,0.8287,0.0747
2010,경운대학교,본교,사립,0.2866,0.014
2010,경원대학교,본교,사립,0.6854,0.1208
2010,경일대학교,본교,사립,0.3519,0.0299
2010,경주대학교,본교,사립,0.325,0.0008
2010,경희대학교,본교,사립,0.7475,0.4741
2010,경희사이버대학교,본교,사립,0.9091,0.0091
2010,계명대학교,본교,사립,0.7162,0.1279
2010,고려대학교,본교,사립,0.5484,0.6325
2010,고려사이버대학교,본교,사립,0.675,0.01
2010,고신대학교,본교,사립,0.3257,0.0877
2010,관동대학교,본교,사립,0.2327,0.0721
2010,광신대학교,본교,사립,0.0068,0.0
2010,광운대학교,본교,사립,0.9302,0.3932
2010,광주가톨릭대학교,본교,사립,0.0588,0.0
2010,광주대학교,본교,사립,0.2924,0.0143
2010,광주여자대학교,본교,사립,0.4402,0.0197
2010,국민대학교,본교,사립,0.5296,0.2224
2010,국제사이버대학교,본교,사립,0.1143,0.0071
2010,극동대학교,본교,사립,0.2436,0.0213
2010,글로벌사이버대학교,본교,사립,0.13,0.0
2010,금강대학교,본교,사립,0.55,0.0
2010,김천대학교,본교,사립,0.0652,0.0017
2010,꽃동네대학교,본교,사립,0.719,0.0286
2010,나사렛대학교,본교,사립,0.3511,0.0114
2010,남부대학교,본교,사립,0.3544,0.035
2010,남서울대학교,본교,사립,0.7321,0.0252
2010,단국대학교,본교,사립,0.805,0.1597
2010,대구가톨릭대학교,본교,사립,0.6448,0.2075
2010,대구대학교,본교,사립,0.9029,0.1029
2010,대구사이버대학교,본교,사립,0.636,0.0
2010,대구예술대학교,본교,사립,0.1314,0.0
2010,대구외국어대학교,본교,사립,1.0214,0.0
2010,대구한의대학교,본교,사립,0.8087,0.1138
2010,대불대학교,본교,사립,0.3355,0.0167
2010,대신대학교,본교,사립,0.2576,0.0
2010,대전가톨릭대학교,본교,사립,0.0,0.0
2010,대전대학교,본교,사립,0.5652,0.0509
2010,대전신학대학교,본교,사립,0.1091,0.0
2010,대진대학교,본교,사립,0.5163,0.0492
2010,덕성여자대학교,본교,사립,0.8729,0.1006
2010,동국대학교,본교,사립,0.6224,0.2212
2010,동덕여자대학교,본교,사립,0.4096,0.0326
2010,동명대학교,본교,사립,0.7133,0.0297
2010,동서대학교,본교,사립,0.6588,0.0667
2010,동신대학교,본교,사립,0.4583,0.0306
2010,동아대학교,본교,사립,0.5909,0.2138
2010,동양대학교,본교,사립,0.3881,0.0331
2010,동의대학교,본교,사립,0.7806,0.1427
2010,디지털서울문화예술대학교,본교,사립,0.125,0.0
2010,루터대학교,본교,사립,0.3118,0.0588
2010,명신대학교,본교,사립,0.2083,0.0
2010,명지대학교,본교,사립,0.2241,0.2115
2010,목원대학교,본교,사립,0.5,0.058
2010,목포가톨릭대학교,본교,사립,0.6111,0.0111
2010,배재대학교,본교,사립,0.7148,0.0481
2010,백석대학교,본교,사립,0.3699,0.0018
2010,부산가톨릭대학교,본교,사립,0.714,0.0607
2010,부산디지털대학교,본교,사립,0.25,0.0
2010,부산외국어대학교,본교,사립,0.5854,0.017
2010,부산장신대학교,본교,사립,0.6647,0.0
2010,사이버한국외국어대학교,본교,사립,0.0,0.0
2010,삼육대학교,본교,사립,0.6568,0.0787
2010,상명대학교,본교,사립,0.8285,0.142
2010,상지대학교,본교,사립,0.8563,0.0457
2010,서강대학교,본교,사립,0.7047,0.3843
2010,서경대학교,본교,사립,0.3897,0.0361
2010,서남대학교,본교,사립,0.1176,0.0195
2010,서울기독대학교,본교,사립,0.41,0.0
2010,서울디지털대학교,본교,사립,0.559,0.0082
2010,서울사이버대학교,본교,사립,0.6545,0.02
2010,서울신학대학교,본교,사립,0.539,0.0024
2010,서울여자대학교,본교,사립,0.7031,0.1181
2010,서울장신대학교,본교,사립,0.1667,0.0
2010,서울한영대학교,본교,사립,0.2195,0.0244
2010,서원대학교,본교,사립,0.6179,0.0283
2010,선교청대학교,본교,사립,0.0,0.0
2010,선문대학교,본교,사립,0.7135,0.1057
2010,성결대학교,본교,사립,0.4333,0.0204
2010,성공회대학교,본교,사립,0.406,0.0482
2010,성균관대학교,본교,사립,0.4103,0.8366
2010,성신여자대학교,본교,사립,0.6804,0.0589
2010,세명대학교,본교,사립,0.6032,0.0545
2010,세종대학교,본교,사립,0.4971,0.3918
2010,세종사이버대학교,본교,사립,0.5107,0.0786
2010,수원가톨릭대학교,본교,사립,0.2,0.0
2010,수원대학교,본교,사립,0.4858,0.0571
2010,숙명여자대학교,본교,사립,0.8053,0.1044
2010,순복음총회신학교,본교,사립,0.0,0.0
2010,순천향대학교,본교,사립,0.3739,0.1606
2010,숭실대학교,본교,사립,0.9015,0.2143
2010,숭실사이버대학교,본교,사립,0.8167,0.0133
2010,신경대학교,본교,사립,0.3944,0.0111
2010,신라대학교,본교,사립,0.6643,0.0677
2010,아세아연합신학대학교,본교,사립,0.2,0.0
2010,아주대학교,본교,사립,0.506,0.4305
2010,안양대학교,본교,사립,0.5727,0.0236
2010,연세대학교,본교,사립,0.4638,0.7168
2010,열린사이버대학교,본교,사립,0.1667,0.0
2010,영남대학교,본교,사립,0.6372,0.3677
2010,영남신학대학교,본교,사립,0.2963,0.0
2010,영동대학교,본교,사립,0.4219,0.0148
2010,영산대학교,본교,사립,0.4422,0.0008
2010,영산선학대학교,본교,사립,0.0,0.0
2010,예수대학교,본교,사립,0.3083,0.0125
2010,예원예술대학교,본교,사립,0.1268,0.0
2010,용인대학교,본교,사립,0.2913,0.0125
2010,우석대학교,본교,사립,0.5188,0.0949
2010,우송대학교,본교,사립,0.4116,0.0165
2010,울산대학교,본교,사립,0.3822,0.4257
2010,원광대학교,본교,사립,0.663,0.1393
2010,원광디지털대학교,본교,사립,0.3423,0.0
2010,위덕대학교,본교,사립,0.4775,0.0451
2010,을지대학교,본교,사립,0.2519,0.1448
2010,이화여자대학교,본교,사립,0.5984,0.2758
2010,인제대학교,본교,사립,0.4027,0.1759
2010,인천가톨릭대학교,본교,사립,0.0526,0.0
2010,인하대학교,본교,사립,0.5169,0.5507
2010,장로회신학대학교,본교,사립,0.8542,0.0
2010,전주대학교,본교,사립,0.6814,0.0504
2010,정석대학,본교,사립,0.0,0.0
2010,조선대학교,본교,사립,0.6095,0.2362
2010,중부대학교,본교,사립,0.3956,0.0096
2010,중앙대학교,본교,사립,0.9042,0.4523
2010,중앙승가대학교,본교,사립,0.1737,0.0
2010,중원대학교,본교,사립,0.3441,0.1542
2010,차의과학대학교,본교,사립,0.1486,0.2455
2010,청운대학교,본교,사립,0.861,0.0333
2010,청주대학교,본교,사립,0.5278,0.0645
2010,초당대학교,본교,사립,0.3942,0.03
2010,총신대학교,본교,사립,0.4065,0.0109
2010,추계예술대학교,본교,사립,0.0531,0.0
2010,침례신학대학교,본교,사립,0.6939,0.0
2010,칼빈대학교,본교,사립,0.2103,0.0
2010,탐라대학교,본교,사립,0.85,0.0
2010,평택대학교,본교,사립,0.4192,0.0
2010,포항공과대학교,본교,사립,0.1426,1.2918
2010,한국국제대학교,본교,사립,0.3351,0.0209
2010,한국기술교육대학교,본교,사립,0.8748,0.1377
2010,한국산업기술대학교,본교,사립,0.0893,0.0535
2010,한국성서대학교,본교,사립,0.5889,0.0917
2010,한국외국어대학교,본교,사립,1.1402,0.0227
2010,한국항공대학교,본교,사립,0.5152,0.1761
2010,한남대학교,본교,사립,0.7989,0.2901
2010,한동대학교,본교,사립,0.2126,0.0395
2010,한라대학교,본교,사립,0.4713,0.0248
2010,한려대학교,본교,사립,0.1375,0.0
2010,한림대학교,본교,사립,0.3895,0.1701
2010,한민학교,본교,사립,0.25,0.0
2010,한북대학교,본교,사립,0.3576,0.0475
2010,한서대학교,본교,사립,0.65,0.0943
2010,한성대학교,본교,사립,0.7191,0.0367
2010,한세대학교,본교,사립,0.3071,0.0274
2010,한신대학교,본교,사립,0.8587,0.0348
2010,한양대학교,본교,사립,0.64,0.4837
2010,한양사이버대학교,본교,사립,0.7591,0.0424
2010,한일장신대학교,본교,사립,0.3824,0.0039
2010,한중대학교,본교,사립,0.0676,0.0057
2010,협성대학교,본교,사립,0.6924,0.0083
2010,호남대학교,본교,사립,0.4138,0.0222
2010,호남신학대학교,본교,사립,0.6333,0.0
2010,호서대학교,본교,사립,0.6162,0.1252
2010,호원대학교,본교,사립,0.4258,0.0061
2010,홍익대학교,본교,사립,0.4654,0.1601
2010,화신사이버대학교,본교,사립,0.0,0.0
2011,가천대학교,본교,사립,0.5709,0.1914
2011,가톨릭대학교,본교,사립,0.7702,0.2277
2011,감리교신학대학교,본교,사립,0.2735,0.0
2011,강남대학교,본교,사립,0.5978,0.0371
2011,강서대학교,본교,사립,0.4533,0.0044
2011,건국대학교,본교,사립,0.6916,0.4685
2011,건동대학교,본교,사립,0.0,0.0
2011,건양대학교,본교,사립,0.4866,0.0134
2011,건양사이버대학교,본교,사립,0.0,0.0
2011,경기대학교,본교,사립,0.8452,0.1741
2011,경남대학교,본교,사립,0.53,0.0959
2011,경동대학교,본교,사립,0.1295,0.001
2011,경북외국어대학교,본교,사립,0.0,0.0
2011,경성대학교,본교,사립,0.6828,0.0817
2011,경운대학교,본교,사립,0.246,0.027
2011,경일대학교,본교,사립,0.4941,0.0849
2011,경주대학교,본교,사립,0.2537,0.0099
2011,경희대학교,본교,사립,0.6224,0.5226
2011,경희사이버대학교,본교,사립,0.9109,0.0087
2011,계명대학교,본교,사립,0.7259,0.1583
2011,고려대학교,본교,사립,0.602,0.6959
2011,고려사이버대학교,본교,사립,0.9098,0.0073
2011,고신대학교,본교,사립,0.3495,0.1092
2011,관동대학교,본교,사립,0.433,0.1212
2011,광신대학교,본교,사립,0.1067,0.0
2011,광운대학교,본교,사립,0.7734,0.5766
2011,광주가톨릭대학교,본교,사립,0.3529,0.0
2011,광주대학교,본교,사립,0.3819,0.0068
2011,광주여자대학교,본교,사립,0.3254,0.0201
2011,국민대학교,본교,사립,0.6746,0.2709
2011,국제사이버대학교,본교,사립,0.0,0.0067
2011,극동대학교,본교,사립,0.2672,0.0161
2011,글로벌사이버대학교,본교,사립,0.2357,0.0
2011,금강대학교,본교,사립,0.5828,0.0
2011,김천대학교,본교,사립,0.1203,0.0065
2011,꽃동네대학교,본교,사립,0.5667,0.0238
2011,나사렛대학교,본교,사립,0.5101,0.0201
2011,남부대학교,본교,사립,0.3592,0.0508
2011,남서울대학교,본교,사립,1.0221,0.0601
2011,단국대학교,본교,사립,0.7451,0.1989
2011,대구가톨릭대학교,본교,사립,0.7277,0.2527
2011,대구대학교,본교,사립,0.8868,0.1321
2011,대구사이버대학교,본교,사립,0.5692,0.0038
2011,대구예술대학교,본교,사립,0.2983,0.0
2011,대구외국어대학교,본교,사립,0.56,0.0
2011,대구한의대학교,본교,사립,0.7969,0.0956
2011,대신대학교,본교,사립,0.5172,0.0
2011,대전가톨릭대학교,본교,사립,0.0,0.0
2011,대전대학교,본교,사립,0.6489,0.0806
2011,대전신학대학교,본교,사립,0.1909,0.0
2011,대진대학교,본교,사립,0.4784,0.0812
2011,덕성여자대학교,본교,사립,0.9665,0.1201
2011,동국대학교,본교,사립,0.6416,0.2652
2011,동덕여자대학교,본교,사립,0.4311,0.0366
2011,동명대학교,본교,사립,0.7284,0.0253
2011,동서대학교,본교,사립,0.6269,0.0972
2011,동신대학교,본교,사립,0.4958,0.025
2011,동아대학교,본교,사립,0.5721,0.2134
2011,동양대학교,본교,사립,0.3034,0.029
2011,동의대학교,본교,사립,0.744,0.17
2011,디지털서울문화예술대학교,본교,사립,0.0556,0.0
2011,루터대학교,본교,사립,0.2857,0.0
2011,명지대학교,본교,사립,0.3027,0.3138
2011,목원대학교,본교,사립,0.781,0.1094
2011,목포가톨릭대학교,본교,사립,0.6444,0.0
2011,배재대학교,본교,사립,0.7126,0.0653
2011,백석대학교,본교,사립,0.3717,0.0061
2011,부산가톨릭대학교,본교,사립,0.5268,0.026
2011,부산디지털대학교,본교,사립,0.5368,0.0
2011,부산외국어대학교,본교,사립,0.5831,0.004
2011,부산장신대학교,본교,사립,0.3389,0.1111
2011,사이버한국외국어대학교,본교,사립,0.0,0.0
2011,삼육대학교,본교,사립,0.6466,0.0792
2011,상명대학교,본교,사립,0.8205,0.2041
2011,상지대학교,본교,사립,0.94,0.0728
2011,서강대학교,본교,사립,0.6342,0.5043
2011,서경대학교,본교,사립,0.3719,0.0347
2011,서남대학교,본교,사립,0.1546,0.0099
2011,서울기독대학교,본교,사립,0.6567,0.0
2011,서울디지털대학교,본교,사립,0.4,0.0182
2011,서울사이버대학교,본교,사립,0.4321,0.0196
2011,서울신학대학교,본교,사립,0.7454,0.0124
2011,서울여자대학교,본교,사립,0.7561,0.1
2011,서울장신대학교,본교,사립,0.1667,0.0
2011,서울한영대학교,본교,사립,0.4171,0.0
2011,서원대학교,본교,사립,0.5822,0.0125
2011,선교청대학교,본교,사립,0.0,0.0
2011,선문대학교,본교,사립,0.7437,0.1437
2011,성결대학교,본교,사립,0.4196,0.0184
2011,성공회대학교,본교,사립,0.5235,0.0353
2011,성균관대학교,본교,사립,0.3782,0.8149
2011,성신여자대학교,본교,사립,0.658,0.054
2011,세명대학교,본교,사립,0.6833,0.0359
2011,세종대학교,본교,사립,0.5708,0.4937
2011,세종사이버대학교,본교,사립,0.8806,0.0871
2011,세한대학교,본교,사립,0.3369,0.014
2011,송원대학교,본교,사립,0.0516,0.0099
2011,수원가톨릭대학교,본교,사립,0.0,0.0
2011,수원대학교,본교,사립,0.4363,0.0677
2011,숙명여자대학교,본교,사립,0.8998,0.1302
2011,순복음총회신학교,본교,사립,0.0,0.0
2011,순천향대학교,본교,사립,0.3782,0.1783
2011,숭실대학교,본교,사립,0.7826,0.2318
2011,숭실사이버대학교,본교,사립,1.1552,0.0069
2011,신경대학교,본교,사립,0.4633,0.0041
2011,신라대학교,본교,사립,0.5601,0.0704
2011,아세아연합신학대학교,본교,사립,0.3125,0.0
2011,아주대학교,본교,사립,0.4273,0.4496
2011,안양대학교,본교,사립,0.6192,0.0186
2011,연세대학교,본교,사립,0.4599,0.7368
2011,열린사이버대학교,본교,사립,0.2,0.0105
2011,영남대학교,본교,사립,0.6411,0.3864
2011,영남신학대학교,본교,사립,0.563,0.037
2011,영동대학교,본교,사립,0.3148,0.0328
2011,영산대학교,본교,사립,0.7054,0.0196
2011,영산선학대학교,본교,사립,0.0,0.0
2011,예수대학교,본교,사립,0.3292,0.0042
2011,예원예술대학교,본교,사립,0.1216,0.0
2011,용인대학교,본교,사립,0.2723,0.0085
2011,우석대학교,본교,사립,0.3944,0.0716
2011,우송대학교,본교,사립,0.3141,0.0215
2011,울산대학교,본교,사립,0.3887,0.5005
2011,원광대학교,본교,사립,0.6421,0.1273
2011,원광디지털대학교,본교,사립,0.4393,0.0
2011,위덕대학교,본교,사립,0.4343,0.0286
2011,을지대학교,본교,사립,0.1974,0.1618
2011,이화여자대학교,본교,사립,0.6296,0.307
2011,인제대학교,본교,사립,0.483,0.2599
2011,인천가톨릭대학교,본교,사립,0.0952,0.0
2011,인하대학교,본교,사립,0.585,0.5284
2011,장로회신학대학교,본교,사립,0.8256,0.0256
2011,전주대학교,본교,사립,0.6278,0.0823
2011,정석대학,본교,사립,0.0,0.0
2011,제주국제대학교,본교,사립,0.2507,0.0
2011,조선대학교,본교,사립,0.619,0.2363
2011,중부대학교,본교,사립,0.4875,0.0268
2011,중앙대학교,본교,사립,0.8035,0.5201
2011,중앙승가대학교,본교,사립,0.0,0.0
2011,중원대학교,본교,사립,0.4713,0.1713
2011,차의과학대학교,본교,사립,0.0721,0.253
2011,청운대학교,본교,사립,0.5887,0.105
2011,청주대학교,본교,사립,0.6648,0.0933
2011,초당대학교,본교,사립,0.4754,0.0407
2011,총신대학교,본교,사립,0.6109,0.0109
2011,추계예술대학교,본교,사립,0.0269,0.0
2011,침례신학대학교,본교,사립,0.6057,0.0057
2011,칼빈대학교,본교,사립,0.1529,0.0
2011,평택대학교,본교,사립,0.4667,0.0145
2011,포항공과대학교,본교,사립,0.1091,1.2808
2011,한국국제대학교,본교,사립,0.3211,0.0394
2011,한국기술교육대학교,본교,사립,0.9024,0.1817
2011,한국산업기술대학교,본교,사립,0.0881,0.0747
2011,한국성서대학교,본교,사립,0.6795,0.1333
2011,한국외국어대학교,본교,사립,0.9367,0.0724
2011,한국항공대학교,본교,사립,0.4178,0.2062
2011,한남대학교,본교,사립,0.7718,0.2954
2011,한동대학교,본교,사립,0.1595,0.057
2011,한라대학교,본교,사립,0.4391,0.0374
2011,한려대학교,본교,사립,0.1174,0.0014
2011,한림대학교,본교,사립,0.3838,0.2178
2011,한민학교,본교,사립,0.0,0.0
2011,한북대학교,본교,사립,0.5107,0.0375
2011,한서대학교,본교,사립,0.66,0.2528
2011,한성대학교,본교,사립,0.7149,0.0225
2011,한세대학교,본교,사립,0.5204,0.0044
2011,한신대학교,본교,사립,0.6056,0.013
2011,한양대학교,본교,사립,0.6598,0.6373
2011,한양사이버대학교,본교,사립,0.8833,0.0333
2011,한일장신대학교,본교,사립,0.6109,0.0
2011,한중대학교,본교,사립,0.0564,0.0069
2011,협성대학교,본교,사립,0.7465,0.0201
2011,호남대학교,본교,사립,0.4151,0.0356
2011,호남신학대학교,본교,사립,0.4156,0.0
2011,호서대학교,본교,사립,0.6626,0.1152
2011,호원대학교,본교,사립,0.3916,0.0133
2011,홍익대학교,본교,사립,0.3785,0.172
2011,화신사이버대학교,본교,사립,0.0,0.0
2012,가천대학교,본교,사립,0.5014,0.2333
2012,가톨릭대학교,본교,사립,0.7241,0.2195
2012,감리교신학대학교,본교,사립,0.2424,0.0
2012,강남대학교,본교,사립,0.6328,0.0743
2012,강서대학교,본교,사립,0.3329,0.0
2012,건국대학교,본교,사립,0.696,0.5502
2012,건양대학교,본교,사립,0.4681,0.0311
2012,건양사이버대학교,본교,사립,0.0,0.0407
2012,경기대학교,본교,사립,0.793,0.2542
2012,경남대학교,본교,사립,0.68,0.1347
2012,경동대학교,본교,사립,0.2118,0.0104
2012,경성대학교,본교,사립,0.6128,0.1032
2012,경운대학교,본교,사립,0.3082,0.0376
2012,경일대학교,본교,사립,0.5411,0.1331
2012,경주대학교,본교,사립,0.1394,0.0023
2012,경희대학교,본교,사립,0.5447,0.6295
2012,경희사이버대학교,본교,사립,0.9373,0.0225
2012,계명대학교,본교,사립,0.6658,0.1901
2012,고려대학교,본교,사립,0.5464,0.8343
2012,고려사이버대학교,본교,사립,0.9183,0.02
2012,고신대학교,본교,사립,0.304,0.2208
2012,관동대학교,본교,사립,0.3357,0.0789
2012,광신대학교,본교,사립,0.0691,0.0
2012,광운대학교,본교,사립,0.7358,0.485
2012,광주가톨릭대학교,본교,사립,0.1667,0.0
2012,광주대학교,본교,사립,0.409,0.0227
2012,광주여자대학교,본교,사립,0.5051,0.0312
2012,국민대학교,본교,사립,0.5479,0.2703
2012,국제사이버대학교,본교,사립,0.0633,0.0
2012,극동대학교,본교,사립,0.3362,0.0343
2012,글로벌사이버대학교,본교,사립,0.0,0.006
2012,금강대학교,본교,사립,1.0178,0.0
2012,김천대학교,본교,사립,0.1636,0.0122
2012,꽃동네대학교,본교,사립,0.6169,0.0435
2012,나사렛대학교,본교,사립,0.6853,0.0985
2012,남부대학교,본교,사립,0.4384,0.0389
2012,남서울대학교,본교,사립,1.0639,0.1225
2012,단국대학교,본교,사립,0.8245,0.2683
2012,대구가톨릭대학교,본교,사립,0.691,0.2336
2012,대구대학교,본교,사립,0.7579,0.1531
2012,대구사이버대학교,본교,사립,0.6889,0.034
2012,대구예술대학교,본교,사립,0.3894,0.0
2012,대구외국어대학교,본교,사립,0.7118,0.0
2012,대구한의대학교,본교,사립,0.6801,0.1273
2012,대신대학교,본교,사립,0.313,0.0
2012,대전가톨릭대학교,본교,사립,0.0,0.0
2012,대전대학교,본교,사립,0.5058,0.0856
2012,대전신학대학교,본교,사립,0.5538,0.0
2012,대진대학교,본교,사립,0.5935,0.0636
2012,덕성여자대학교,본교,사립,0.7501,0.1118
2012,동국대학교,본교,사립,0.6516,0.3618
2012,동덕여자대학교,본교,사립,0.5919,0.0811
2012,동명대학교,본교,사립,0.6745,0.0934
2012,동서대학교,본교,사립,0.5237,0.0927
2012,동신대학교,본교,사립,0.369,0.0395
2012,동아대학교,본교,사립,0.5463,0.2419
2012,동양대학교,본교,사립,0.3334,0.0468
2012,동의대학교,본교,사립,0.6525,0.1402
2012,디지털서울문화예술대학교,본교,사립,0.1074,0.0
2012,루터대학교,본교,사립,0.5603,0.0
2012,명지대학교,본교,사립,0.2149,0.2796
2012,목원대학교,본교,사립,0.7269,0.2055
2012,목포가톨릭대학교,본교,사립,0.4533,0.0
2012,배재대학교,본교,사립,0.6697,0.085
2012,백석대학교,본교,사립,0.4277,0.018
2012,부산가톨릭대학교,본교,사립,0.6517,0.1125
2012,부산디지털대학교,본교,사립,0.3058,0.0
2012,부산외국어대학교,본교,사립,0.4648,0.0106
2012,부산장신대학교,본교,사립,0.4545,0.0
2012,사이버한국외국어대학교,본교,사립,0.5917,0.0
2012,삼육대학교,본교,사립,0.7368,0.1182
2012,상명대학교,본교,사립,0.9363,0.2824
2012,상지대학교,본교,사립,0.843,0.0606
2012,서강대학교,본교,사립,0.5477,0.5114
2012,서경대학교,본교,사립,0.2921,0.0586
2012,서남대학교,본교,사립,0.1308,0.016
2012,서울기독대학교,본교,사립,0.5958,0.0
2012,서울디지털대학교,본교,사립,0.22,0.0364
2012,서울사이버대학교,본교,사립,0.5467,0.0194
2012,서울신학대학교,본교,사립,0.8646,0.0
2012,서울여자대학교,본교,사립,0.7575,0.2021
2012,서울장신대학교,본교,사립,0.3056,0.0139
2012,서울한영대학교,본교,사립,0.3665,0.0
2012,서원대학교,본교,사립,0.7517,0.0368
2012,선문대학교,본교,사립,0.5925,0.1473
2012,성결대학교,본교,사립,0.5329,0.0229
2012,성공회대학교,본교,사립,0.6574,0.0225
2012,성균관대학교,본교,사립,0.371,0.8421
2012,성신여자대학교,본교,사립,0.8477,0.1021
2012,세명대학교,본교,사립,0.5754,0.0922
2012,세종대학교,본교,사립,0.3993,0.4621
2012,세종사이버대학교,본교,사립,0.6775,0.104
2012,세한대학교,본교,사립,0.3762,0.0178
2012,송원대학교,본교,사립,0.0175,0.0052
2012,수원가톨릭대학교,본교,사립,0.0,0.0
2012,수원대학교,본교,사립,0.4096,0.0911
2012,숙명여자대학교,본교,사립,0.9378,0.1307
2012,순복음총회신학교,본교,사립,0.0,0.0
2012,순천향대학교,본교,사립,0.3746,0.2505
2012,숭실대학교,본교,사립,0.8121,0.2356
2012,숭실사이버대학교,본교,사립,0.9067,0.0
2012,신경대학교,본교,사립,0.3937,0.0034
2012,신라대학교,본교,사립,0.6728,0.0985
2012,아세아연합신학대학교,본교,사립,0.2632,0.0
2012,아주대학교,본교,사립,0.3808,0.5853
2012,안양대학교,본교,사립,0.7606,0.0194
2012,연세대학교,본교,사립,0.437,0.7829
2012,열린사이버대학교,본교,사립,0.3988,0.0
2012,영남대학교,본교,사립,0.6095,0.4789
2012,영남신학대학교,본교,사립,0.4522,0.0
2012,영동대학교,본교,사립,0.3655,0.0637
2012,영산대학교,본교,사립,0.7161,0.0369
2012,영산선학대학교,본교,사립,0.0,0.0
2012,예수대학교,본교,사립,0.2879,0.0
2012,예원예술대학교,본교,사립,0.0856,0.0
2012,용인대학교,본교,사립,0.3535,0.0294
2012,우석대학교,본교,사립,0.4701,0.055
2012,우송대학교,본교,사립,0.4109,0.049
2012,울산대학교,본교,사립,0.3379,0.5616
2012,원광대학교,본교,사립,0.6593,0.133
2012,원광디지털대학교,본교,사립,0.6057,0.0061
2012,위덕대학교,본교,사립,0.2503,0.0297
2012,을지대학교,본교,사립,0.1106,0.153
2012,이화여자대학교,본교,사립,0.7521,0.3317
2012,인제대학교,본교,사립,0.6115,0.2286
2012,인천가톨릭대학교,본교,사립,0.1364,0.0
2012,인하대학교,본교,사립,0.5441,0.5625
2012,장로회신학대학교,본교,사립,0.9833,0.0133
2012,전주대학교,본교,사립,0.5434,0.0894
2012,제주국제대학교,본교,사립,0.1185,0.0
2012,조선대학교,본교,사립,0.5668,0.239
2012,중부대학교,본교,사립,0.7097,0.1001
2012,중앙대학교,본교,사립,0.7302,0.5758
2012,중앙승가대학교,본교,사립,0.3676,0.0
2012,중원대학교,본교,사립,0.5823,0.1178
2012,차의과학대학교,본교,사립,0.1056,0.3359
2012,창신대학교,본교,사립,0.1334,0.0134
2012,청운대학교,본교,사립,0.5871,0.2679
2012,청주대학교,본교,사립,0.6917,0.0973
2012,초당대학교,본교,사립,0.5075,0.0283
2012,총신대학교,본교,사립,0.509,0.0123
2012,추계예술대학교,본교,사립,0.0833,0.0
2012,침례신학대학교,본교,사립,0.4007,0.0
2012,칼빈대학교,본교,사립,0.0,0.0
2012,평택대학교,본교,사립,0.5045,0.0057
2012,포항공과대학교,본교,사립,0.1424,1.2575
2012,한국국제대학교,본교,사립,0.3511,0.0248
2012,한국기술교육대학교,본교,사립,0.5414,0.2695
2012,한국산업기술대학교,본교,사립,0.0995,0.1044
2012,한국성서대학교,본교,사립,0.4854,0.1445
2012,한국외국어대학교,본교,사립,1.0423,0.1304
2012,한국항공대학교,본교,사립,0.2747,0.1944
2012,한남대학교,본교,사립,0.7021,0.2479
2012,한동대학교,본교,사립,0.3126,0.0391
2012,한라대학교,본교,사립,0.4837,0.0415
2012,한려대학교,본교,사립,0.2367,0.005
2012,한림대학교,본교,사립,0.3627,0.3134
2012,한북대학교,본교,사립,0.2698,0.0
2012,한서대학교,본교,사립,0.4543,0.3769
2012,한성대학교,본교,사립,0.7731,0.0403
2012,한세대학교,본교,사립,0.4677,0.0221
2012,한신대학교,본교,사립,0.5948,0.0397
2012,한양대학교,본교,사립,0.5756,0.6717
2012,한양사이버대학교,본교,사립,0.6823,0.0638
2012,한일장신대학교,본교,사립,0.5469,0.0
2012,한중대학교,본교,사립,0.0139,0.0
2012,협성대학교,본교,사립,0.6747,0.0396
2012,호남대학교,본교,사립,0.5028,0.0398
2012,호남신학대학교,본교,사립,0.3103,0.0
2012,호서대학교,본교,사립,0.594,0.1451
2012,호원대학교,본교,사립,0.4115,0.002
2012,홍익대학교,본교,사립,0.493,0.1503
2012,화신사이버대학교,본교,사립,0.0,0.0
2013,가야대학교(김해),본교,사립,0.326,0.0155
2013,가천대학교,본교,사립,0.5388,0.2942
2013,가톨릭관동대학교,본교,사립,0.3084,0.0609
2013,가톨릭대학교,본교,사립,0.6864,0.2197
2013,감리교신학대학교,본교,사립,0.4603,0.0
2013,강남대학교,본교,사립,0.5571,0.034
2013,강서대학교,본교,사립,0.433,0.0026
2013,건국대학교,본교,사립,0.6663,0.5357
2013,건양대학교,본교,사립,0.4433,0.0657
2013,건양사이버대학교,본교,사립,0.3982,0.0139
2013,경기대학교,본교,사립,0.7773,0.2753
2013,경남대학교,본교,사립,0.643,0.1272
2013,경동대학교,본교,사립,0.2004,0.0808
2013,경성대학교,본교,사립,0.569,0.1015
2013,경운대학교,본교,사립,0.4121,0.0216
2013,경일대학교,본교,사립,0.4207,0.1544
2013,경주대학교,본교,사립,0.206,0.0162
2013,경희대학교,본교,사립,0.522,0.626
2013,경희사이버대학교,본교,사립,1.089,0.0404
2013,계명대학교,본교,사립,0.6658,0.2035
2013,고려대학교,본교,사립,0.5233,0.8147
2013,고려사이버대학교,본교,사립,0.6008,0.0097
2013,고신대학교,본교,사립,0.2524,0.1618
2013,광신대학교,본교,사립,0.1224,0.0
2013,광운대학교,본교,사립,0.822,0.4652
2013,광주가톨릭대학교,본교,사립,0.1875,0.0
2013,광주대학교,본교,사립,0.3151,0.019
2013,광주여자대학교,본교,사립,0.4555,0.0271
2013,국민대학교,본교,사립,0.5466,0.271
2013,국제사이버대학교,본교,사립,0.1371,0.0
2013,극동대학교,본교,사립,0.3071,0.0906
2013,글로벌사이버대학교,본교,사립,0.0143,0.006
2013,금강대학교,본교,사립,0.6619,0.0
2013,김천대학교,본교,사립,0.1621,0.0553
2013,꽃동네대학교,본교,사립,0.4414,0.0
2013,나사렛대학교,본교,사립,0.7348,0.0747
2013,남부대학교,본교,사립,0.3905,0.0637
2013,남서울대학교,본교,사립,0.7893,0.1589
2013,단국대학교,본교,사립,0.8904,0.2666
2013,대구가톨릭대학교,본교,사립,0.5418,0.2343
2013,대구대학교,본교,사립,0.7871,0.154
2013,대구사이버대학교,본교,사립,0.5849,0.0055
2013,대구예술대학교,본교,사립,0.2255,0.0
2013,대구외국어대학교,본교,사립,0.95,0.0
2013,대구한의대학교,본교,사립,0.5385,0.1166
2013,대신대학교,본교,사립,0.3104,0.0
2013,대전가톨릭대학교,본교,사립,0.0,0.0
2013,대전대학교,본교,사립,0.5682,0.0941
2013,대전신학대학교,본교,사립,0.7355,0.0909
2013,대진대학교,본교,사립,0.4742,0.1088
2013,덕성여자대학교,본교,사립,0.8178,0.1323
2013,동국대학교,본교,사립,0.6988,0.3918
2013,동덕여자대학교,본교,사립,0.5908,0.1025
2013,동명대학교,본교,사립,0.6636,0.1013
2013,동서대학교,본교,사립,0.5233,0.1035
2013,동신대학교,본교,사립,0.4069,0.0445
2013,동아대학교,본교,사립,0.552,0.2437
2013,동양대학교,본교,사립,0.3152,0.0287
2013,동의대학교,본교,사립,0.629,0.1135
2013,디지털서울문화예술대학교,본교,사립,0.2457,0.0
2013,루터대학교,본교,사립,0.2617,0.0
2013,명지대학교,본교,사립,0.1844,0.3283
2013,목원대학교,본교,사립,0.5942,0.1368
2013,목포가톨릭대학교,본교,사립,0.3435,0.0
2013,배재대학교,본교,사립,0.5821,0.0645
2013,백석대학교,본교,사립,0.5413,0.0696
2013,부산가톨릭대학교,본교,사립,0.8472,0.1213
2013,부산디지털대학교,본교,사립,0.4684,0.0
2013,부산외국어대학교,본교,사립,0.5153,0.0027
2013,부산장신대학교,본교,사립,0.4757,0.0
2013,사이버한국외국어대학교,본교,사립,0.4172,0.0
2013,삼육대학교,본교,사립,0.6855,0.1785
2013,상명대학교,본교,사립,0.8539,0.2743
2013,상지대학교,본교,사립,0.7746,0.1163
2013,서강대학교,본교,사립,0.6384,0.5207
2013,서경대학교,본교,사립,0.2599,0.0749
2013,서남대학교,본교,사립,0.278,0.0213
2013,서울기독대학교,본교,사립,0.4453,0.0
2013,서울디지털대학교,본교,사립,0.2648,0.037
2013,서울사이버대학교,본교,사립,0.8983,0.0727
2013,서울신학대학교,본교,사립,0.8707,0.0123
2013,서울여자대학교,본교,사립,0.6647,0.1523
2013,서울장신대학교,본교,사립,0.25,0.027
2013,서울한영대학교,본교,사립,0.313,0.0
2013,서원대학교,본교,사립,0.718,0.0625
2013,선문대학교,본교,사립,0.4148,0.169
2013,성결대학교,본교,사립,0.6235,0.0806
2013,성공회대학교,본교,사립,0.3661,0.0232
2013,성균관대학교,본교,사립,0.4076,0.8984
2013,성신여자대학교,본교,사립,0.833,0.093
2013,세명대학교,본교,사립,0.8616,0.0933
2013,세종대학교,본교,사립,0.3966,0.4084
2013,세종사이버대학교,본교,사립,0.7805,0.0357
2013,세한대학교,본교,사립,0.3781,0.0467
2013,송원대학교,본교,사립,0.0169,0.005
2013,수원가톨릭대학교,본교,사립,0.0,0.0
2013,수원대학교,본교,사립,0.3868,0.0885
2013,숙명여자대학교,본교,사립,0.9579,0.1277
2013,순복음총회신학교,본교,사립,0.0,0.0
2013,순천향대학교,본교,사립,0.3559,0.2458
2013,숭실대학교,본교,사립,0.7716,0.2686
2013,숭실사이버대학교,본교,사립,0.9957,0.0355
2013,신경대학교,본교,사립,0.5296,0.0101
2013,신라대학교,본교,사립,0.6478,0.1413
2013,신한대학교,본교,사립,0.0807,0.0028
2013,아세아연합신학대학교,본교,사립,0.1897,0.0
2013,아주대학교,본교,사립,0.4417,0.5141
2013,안양대학교,본교,사립,0.8788,0.0465
2013,연세대학교,본교,사립,0.396,0.7776
2013,열린사이버대학교,본교,사립,0.3167,0.0444
2013,영남대학교,본교,사립,0.5967,0.5293
2013,영남신학대학교,본교,사립,0.55,0.0464
2013,영동대학교,본교,사립,0.3759,0.0851
2013,영산대학교,본교,사립,0.4492,0.0351
2013,영산선학대학교,본교,사립,0.0,0.0
2013,예수대학교,본교,사립,0.359,0.0
2013,예원예술대학교,본교,사립,0.0667,0.0
2013,용인대학교,본교,사립,0.4522,0.0437
2013,우석대학교,본교,사립,0.3704,0.0419
2013,우송대학교,본교,사립,0.2632,0.0371
2013,울산대학교,본교,사립,0.2967,0.5737
2013,원광대학교,본교,사립,0.5956,0.1729
2013,원광디지털대학교,본교,사립,0.6,0.0
2013,위덕대학교,본교,사립,0.388,0.0483
2013,을지대학교,본교,사립,0.1346,0.1926
2013,이화여자대학교,본교,사립,0.6397,0.3527
2013,인제대학교,본교,사립,0.6074,0.306
2013,인천가톨릭대학교,본교,사립,0.0526,0.0
2013,인하대학교,본교,사립,0.4802,0.5054
2013,장로회신학대학교,본교,사립,0.9488,0.0
2013,전주대학교,본교,사립,0.4716,0.1185
2013,제주국제대학교,본교,사립,0.2466,0.0
2013,조선대학교,본교,사립,0.6052,0.2526
2013,중부대학교,본교,사립,0.6532,0.1176
2013,중앙대학교,본교,사립,0.7207,0.5868
2013,중앙승가대학교,본교,사립,0.4826,0.0
2013,중원대학교,본교,사립,0.7616,0.0952
2013,차의과학대학교,본교,사립,0.0851,0.3862
2013,창신대학교,본교,사립,0.3763,0.0404
2013,청운대학교,본교,사립,0.4669,0.1412
2013,청주대학교,본교,사립,0.7232,0.1768
2013,초당대학교,본교,사립,0.5381,0.0316
2013,총신대학교,본교,사립,0.5421,0.0032
2013,추계예술대학교,본교,사립,0.1102,0.0
2013,침례신학대학교,본교,사립,0.336,0.0
2013,칼빈대학교,본교,사립,0.0,0.0
2013,평택대학교,본교,사립,0.4715,0.016
2013,포항공과대학교,본교,사립,0.0985,1.2145
2013,한국국제대학교,본교,사립,0.4802,0.0354
2013,한국기술교육대학교,본교,사립,0.4892,0.2728
2013,한국산업기술대학교,본교,사립,0.1175,0.0989
2013,한국성서대학교,본교,사립,0.4174,0.1103
2013,한국외국어대학교,본교,사립,0.8476,0.2243
2013,한국항공대학교,본교,사립,0.2964,0.1688
2013,한남대학교,본교,사립,0.7191,0.2542
2013,한동대학교,본교,사립,0.2902,0.051
2013,한라대학교,본교,사립,0.486,0.0124
2013,한려대학교,본교,사립,0.0711,0.0
2013,한림대학교,본교,사립,0.3764,0.3621
2013,한서대학교,본교,사립,0.3932,0.2583
2013,한성대학교,본교,사립,0.7035,0.0958
2013,한세대학교,본교,사립,0.4761,0.0278
2013,한신대학교,본교,사립,0.49,0.0405
2013,한양대학교,본교,사립,0.5565,0.7194
2013,한양사이버대학교,본교,사립,0.6409,0.1399
2013,한일장신대학교,본교,사립,0.4333,0.0032
2013,한중대학교,본교,사립,0.0422,0.0
2013,협성대학교,본교,사립,0.6851,0.043
2013,호남대학교,본교,사립,0.3737,0.0527
2013,호남신학대학교,본교,사립,0.3311,0.0
2013,호서대학교,본교,사립,0.6732,0.1262
2013,호원대학교,본교,사립,0.3483,0.0164
2013,홍익대학교,본교,사립,0.5071,0.1641
2013,화신사이버대학교,본교,사립,0.3125,0.0
2014,가야대학교(김해),본교,사립,0.3882,0.0055
2014,가천대학교,본교,사립,0.5175,0.355
2014,가톨릭관동대학교,본교,사립,0.3894,0.1633
2014,가톨릭대학교,본교,사립,0.5528,0.2618
2014,감리교신학대학교,본교,사립,0.5357,0.0
2014,강남대학교,본교,사립,0.4275,0.0508
2014,강서대학교,본교,사립,0.4178,0.0
2014,건국대학교,본교,사립,0.595,0.6137
2014,건양대학교,본교,사립,0.4489,0.0264
2014,건양사이버대학교,본교,사립,0.2917,0.0854
2014,경기대학교,본교,사립,0.7168,0.3044
2014,경남대학교,본교,사립,0.7552,0.1298
2014,경동대학교,본교,사립,0.2673,0.1022
2014,경성대학교,본교,사립,0.6192,0.0871
2014,경운대학교,본교,사립,0.3874,0.0245
2014,경일대학교,본교,사립,0.4196,0.1588
2014,경주대학교,본교,사립,0.239,0.0015
2014,경희대학교,본교,사립,0.5194,0.625
2014,경희사이버대학교,본교,사립,1.271,0.0302
2014,계명대학교,본교,사립,0.6253,0.244
2014,고려대학교,본교,사립,0.443,0.8502
2014,고려사이버대학교,본교,사립,1.0919,0.0275
2014,고신대학교,본교,사립,0.2685,0.1301
2014,광신대학교,본교,사립,0.1,0.0
2014,광운대학교,본교,사립,0.6999,0.5154
2014,광주가톨릭대학교,본교,사립,0.25,0.0
2014,광주대학교,본교,사립,0.3911,0.0251
2014,광주여자대학교,본교,사립,0.4544,0.0214
2014,국민대학교,본교,사립,0.5969,0.2614
2014,국제사이버대학교,본교,사립,0.2781,0.0089
2014,극동대학교,본교,사립,0.3682,0.0787
2014,글로벌사이버대학교,본교,사립,0.0467,0.0
2014,금강대학교,본교,사립,0.9069,0.0
2014,김천대학교,본교,사립,0.1557,0.0609
2014,꽃동네대학교,본교,사립,0.5734,0.0114
2014,나사렛대학교,본교,사립,0.5775,0.1365
2014,남부대학교,본교,사립,0.3771,0.098
2014,남서울대학교,본교,사립,0.6331,0.1786
2014,단국대학교,본교,사립,0.9895,0.2194
2014,대구가톨릭대학교,본교,사립,0.5552,0.2482
2014,대구대학교,본교,사립,0.6884,0.1502
2014,대구사이버대학교,본교,사립,0.9636,0.0219
2014,대구예술대학교,본교,사립,0.3041,0.0102
2014,대구외국어대학교,본교,사립,0.6938,0.0
2014,대구한의대학교,본교,사립,0.4477,0.1271
2014,대신대학교,본교,사립,0.2333,0.0
2014,대전가톨릭대학교,본교,사립,0.0,0.0
2014,대전대학교,본교,사립,0.5417,0.1089
2014,대전신학대학교,본교,사립,0.4,0.0
2014,대진대학교,본교,사립,0.4964,0.0964
2014,덕성여자대학교,본교,사립,0.9726,0.1404
2014,동국대학교,본교,사립,0.6339,0.4283
2014,동덕여자대학교,본교,사립,0.517,0.1048
2014,동명대학교,본교,사립,0.5392,0.1381
2014,동서대학교,본교,사립,0.4952,0.0806
2014,동신대학교,본교,사립,0.4363,0.0583
2014,동아대학교,본교,사립,0.5099,0.2371
2014,동양대학교,본교,사립,0.5516,0.074
2014,동의대학교,본교,사립,0.6788,0.0928
2014,디지털서울문화예술대학교,본교,사립,0.2756,0.0042
2014,루터대학교,본교,사립,0.3801,0.0
2014,명지대학교,본교,사립,0.2152,0.2851
2014,목원대학교,본교,사립,0.5329,0.1369
2014,목포가톨릭대학교,본교,사립,0.4185,0.0
2014,배재대학교,본교,사립,0.5879,0.102
2014,백석대학교,본교,사립,0.607,0.0632
2014,부산가톨릭대학교,본교,사립,0.7,0.1622
2014,부산디지털대학교,본교,사립,0.4877,0.0276
2014,부산외국어대학교,본교,사립,0.5798,0.0057
2014,부산장신대학교,본교,사립,0.5208,0.0
2014,사이버한국외국어대학교,본교,사립,0.406,0.0063
2014,삼육대학교,본교,사립,0.5583,0.2359
2014,상명대학교,본교,사립,0.7352,0.2353
2014,상지대학교,본교,사립,0.7769,0.0643
2014,서강대학교,본교,사립,0.5695,0.515
2014,서경대학교,본교,사립,0.6151,0.1533
2014,서남대학교,본교,사립,0.1012,0.0235
2014,서울기독대학교,본교,사립,0.4424,0.0
2014,서울디지털대학교,본교,사립,0.3645,0.0182
2014,서울사이버대학교,본교,사립,0.9135,0.0364
2014,서울신학대학교,본교,사립,0.6607,0.0102
2014,서울여자대학교,본교,사립,0.6359,0.1145
2014,서울장신대학교,본교,사립,0.4221,0.027
2014,서울한영대학교,본교,사립,0.2678,0.0
2014,서원대학교,본교,사립,0.7293,0.1081
2014,선문대학교,본교,사립,0.6479,0.1912
2014,성결대학교,본교,사립,0.6741,0.101
2014,성공회대학교,본교,사립,0.2404,0.0114
2014,성균관대학교,본교,사립,0.4199,0.8751
2014,성신여자대학교,본교,사립,0.7663,0.1042
2014,세명대학교,본교,사립,0.9003,0.1406
2014,세종대학교,본교,사립,0.347,0.4387
2014,세종사이버대학교,본교,사립,0.5003,0.0657
2014,세한대학교,본교,사립,0.5238,0.0322
2014,송원대학교,본교,사립,0.1445,0.0172
2014,수원가톨릭대학교,본교,사립,0.0,0.0
2014,수원대학교,본교,사립,0.3558,0.0746
2014,숙명여자대학교,본교,사립,0.8521,0.1901
2014,순복음총회신학교,본교,사립,0.0,0.0
2014,순천향대학교,본교,사립,0.2966,0.3144
2014,숭실대학교,본교,사립,0.8253,0.3021
2014,숭실사이버대학교,본교,사립,0.5154,0.0152
2014,신경대학교,본교,사립,0.7645,0.0269
2014,신라대학교,본교,사립,0.599,0.1321
2014,신한대학교,본교,사립,0.1851,0.0136
2014,아세아연합신학대학교,본교,사립,0.2262,0.0
2014,아주대학교,본교,사립,0.3798,0.5704
2014,안양대학교,본교,사립,0.8252,0.0642
2014,연세대학교,본교,사립,0.4057,0.8272
2014,열린사이버대학교,본교,사립,0.6027,0.0069
2014,영남대학교,본교,사립,0.5802,0.5894
2014,영남신학대학교,본교,사립,0.25,0.0119
2014,영동대학교,본교,사립,0.3625,0.0781
2014,영산대학교,본교,사립,0.6276,0.0679
2014,영산선학대학교,본교,사립,0.0,0.0
2014,예수대학교,본교,사립,0.3201,0.0
2014,예원예술대학교,본교,사립,0.0926,0.0
2014,용인대학교,본교,사립,0.5348,0.0416
2014,우석대학교,본교,사립,0.4065,0.0603
2014,우송대학교,본교,사립,0.2774,0.0633
2014,울산대학교,본교,사립,0.2446,0.597
2014,원광대학교,본교,사립,0.5479,0.1607
2014,원광디지털대학교,본교,사립,0.8379,0.0
2014,위덕대학교,본교,사립,0.3888,0.0439
2014,을지대학교,본교,사립,0.1223,0.2392
2014,이화여자대학교,본교,사립,0.6723,0.399
2014,인제대학교,본교,사립,0.4453,0.3461
2014,인천가톨릭대학교,본교,사립,0.1667,0.0
2014,인하대학교,본교,사립,0.4528,0.4444
2014,장로회신학대학교,본교,사립,0.9715,0.0127
2014,전주대학교,본교,사립,0.4725,0.1396
2014,제주국제대학교,본교,사립,0.2931,0.0103
2014,조선대학교,본교,사립,0.6925,0.2632
2014,중부대학교,본교,사립,0.4725,0.0884
2014,중앙대학교,본교,사립,0.6817,0.6298
2014,중앙승가대학교,본교,사립,0.4792,0.0
2014,중원대학교,본교,사립,0.8678,0.1463
2014,차의과학대학교,본교,사립,0.1122,0.2772
2014,창신대학교,본교,사립,0.4348,0.0518
2014,청운대학교,본교,사립,0.5138,0.1322
2014,청주대학교,본교,사립,0.6286,0.1385
2014,초당대학교,본교,사립,0.4129,0.0387
2014,총신대학교,본교,사립,0.6419,0.019
2014,추계예술대학교,본교,사립,0.0255,0.0
2014,침례신학대학교,본교,사립,0.2883,0.0
2014,칼빈대학교,본교,사립,0.1667,0.0
2014,평택대학교,본교,사립,0.5289,0.0188
2014,포항공과대학교,본교,사립,0.1183,1.3874
2014,한국국제대학교,본교,사립,0.4879,0.03
2014,한국기술교육대학교,본교,사립,0.4603,0.3198
2014,한국산업기술대학교,본교,사립,0.1971,0.1017
2014,한국성서대학교,본교,사립,0.4785,0.1589
2014,한국외국어대학교,본교,사립,0.8457,0.2694
2014,한국항공대학교,본교,사립,0.3147,0.298
2014,한남대학교,본교,사립,0.7101,0.2306
2014,한동대학교,본교,사립,0.3041,0.058
2014,한라대학교,본교,사립,0.3707,0.0376
2014,한려대학교,본교,사립,0.1195,0.002
2014,한림대학교,본교,사립,0.3761,0.4342
2014,한서대학교,본교,사립,0.3382,0.3151
2014,한성대학교,본교,사립,0.6263,0.0955
2014,한세대학교,본교,사립,0.5378,0.025
2014,한신대학교,본교,사립,0.5877,0.0165
2014,한양대학교,본교,사립,0.5904,0.7617
2014,한양사이버대학교,본교,사립,0.5491,0.0452
2014,한일장신대학교,본교,사립,0.556,0.0022
2014,한중대학교,본교,사립,0.0395,0.0
2014,협성대학교,본교,사립,0.7064,0.0264
2014,호남대학교,본교,사립,0.3991,0.0838
2014,호남신학대학교,본교,사립,0.325,0.0
2014,호서대학교,본교,사립,0.5869,0.1565
2014,호원대학교,본교,사립,0.3538,0.0249
2014,홍익대학교,본교,사립,0.6012,0.2029
2014,화신사이버대학교,본교,사립,0.2182,0.0
2015,가야대학교(김해),본교,사립,0.483,0.0522
2015,가천대학교,본교,사립,0.4726,0.4204
2015,가톨릭관동대학교,본교,사립,0.366,0.1891
2015,가톨릭대학교,본교,사립,0.5871,0.2127
2015,감리교신학대학교,본교,사립,0.3889,0.0
2015,강남대학교,본교,사립,0.4986,0.0371
2015,강서대학교,본교,사립,0.2538,0.0328
2015,건국대학교,본교,사립,0.6595,0.6057
2015,건양대학교,본교,사립,0.4197,0.0483
2015,건양사이버대학교,본교,사립,0.2304,0.0
2015,경기대학교,본교,사립,0.7205,0.2801
2015,경남대학교,본교,사립,0.5829,0.1351
2015,경동대학교,본교,사립,0.2964,0.0755
2015,경성대학교,본교,사립,0.4858,0.0858
2015,경운대학교,본교,사립,0.3627,0.0253
2015,경일대학교,본교,사립,0.3668,0.1487
2015,경주대학교,본교,사립,0.3341,0.0508
2015,경희대학교,본교,사립,0.4561,0.6619
2015,경희사이버대학교,본교,사립,0.7423,0.0562
2015,계명대학교,본교,사립,0.643,0.2464
2015,고려대학교,본교,사립,0.4861,0.7775
2015,고려사이버대학교,본교,사립,0.6472,0.0628
2015,고신대학교,본교,사립,0.4036,0.1701
2015,광신대학교,본교,사립,0.06,0.0
2015,광운대학교,본교,사립,0.6692,0.6128
2015,광주가톨릭대학교,본교,사립,0.125,0.0
2015,광주대학교,본교,사립,0.4583,0.0666
2015,광주여자대학교,본교,사립,0.918,0.0792
2015,국민대학교,본교,사립,0.5837,0.2606
2015,국제사이버대학교,본교,사립,0.1902,0.0
2015,극동대학교,본교,사립,0.5228,0.0943
2015,글로벌사이버대학교,본교,사립,0.0,0.0079
2015,금강대학교,본교,사립,0.4357,0.0
2015,김천대학교,본교,사립,0.2553,0.1141
2015,꽃동네대학교,본교,사립,0.5583,0.1149
2015,나사렛대학교,본교,사립,0.4395,0.1188
2015,남부대학교,본교,사립,0.3992,0.2404
2015,남서울대학교,본교,사립,0.7458,0.3123
2015,단국대학교,본교,사립,1.0392,0.1986
2015,대구가톨릭대학교,본교,사립,0.3833,0.1663
2015,대구대학교,본교,사립,0.7538,0.2066
2015,대구사이버대학교,본교,사립,1.0206,0.0213
2015,대구예술대학교,본교,사립,0.2355,0.0319
2015,대구외국어대학교,본교,사립,0.3633,0.0
2015,대구한의대학교,본교,사립,0.4444,0.1306
2015,대신대학교,본교,사립,0.2222,0.0
2015,대전가톨릭대학교,본교,사립,0.0,0.0
2015,대전대학교,본교,사립,0.5222,0.118
2015,대전신학대학교,본교,사립,0.4,0.0
2015,대진대학교,본교,사립,0.6256,0.0809
2015,덕성여자대학교,본교,사립,0.9548,0.1674
2015,동국대학교,본교,사립,0.6337,0.4688
2015,동덕여자대학교,본교,사립,0.5169,0.0861
2015,동명대학교,본교,사립,0.6529,0.166
2015,동서대학교,본교,사립,0.4089,0.0973
2015,동신대학교,본교,사립,0.483,0.069
2015,동아대학교,본교,사립,0.5457,0.2358
2015,동양대학교,본교,사립,0.5465,0.0413
2015,동의대학교,본교,사립,0.6938,0.1057
2015,디지털서울문화예술대학교,본교,사립,0.2433,0.0
2015,루터대학교,본교,사립,0.0673,0.0
2015,명지대학교,본교,사립,0.3176,0.4182
2015,목원대학교,본교,사립,0.4675,0.1535
2015,목포가톨릭대학교,본교,사립,0.3259,0.0
2015,배재대학교,본교,사립,0.535,0.1308
2015,백석대학교,본교,사립,0.5115,0.1237
2015,부산가톨릭대학교,본교,사립,0.7335,0.1515
2015,부산디지털대학교,본교,사립,0.4654,0.0391
2015,부산외국어대학교,본교,사립,0.5484,0.0214
2015,부산장신대학교,본교,사립,0.8072,0.0
2015,사이버한국외국어대학교,본교,사립,0.4547,0.0
2015,삼육대학교,본교,사립,0.7493,0.3369
2015,상명대학교,본교,사립,0.7914,0.1963
2015,상지대학교,본교,사립,0.4499,0.0711
2015,서강대학교,본교,사립,0.5831,0.5404
2015,서경대학교,본교,사립,0.271,0.0597
2015,서남대학교,본교,사립,0.1047,0.0561
2015,서울기독대학교,본교,사립,0.4609,0.0
2015,서울디지털대학교,본교,사립,0.2957,0.0
2015,서울사이버대학교,본교,사립,1.0424,0.0488
2015,서울신학대학교,본교,사립,0.788,0.032
2015,서울여자대학교,본교,사립,0.7259,0.1984
2015,서울장신대학교,본교,사립,0.2931,0.0784
2015,서울한영대학교,본교,사립,0.2832,0.0324
2015,서원대학교,본교,사립,0.9533,0.1739
2015,선문대학교,본교,사립,0.5873,0.2345
2015,성결대학교,본교,사립,0.6605,0.1061
2015,성공회대학교,본교,사립,0.4952,0.0305
2015,성균관대학교,본교,사립,0.4427,0.9842
2015,성신여자대학교,본교,사립,0.8424,0.1407
2015,세명대학교,본교,사립,0.9683,0.2257
2015,세종대학교,본교,사립,0.3443,0.4917
2015,세종사이버대학교,본교,사립,0.4876,0.0238
2015,세한대학교,본교,사립,0.545,0.0327
2015,송원대학교,본교,사립,0.6079,0.0363
2015,수원가톨릭대학교,본교,사립,0.0,0.0
2015,수원대학교,본교,사립,0.2862,0.1091
2015,숙명여자대학교,본교,사립,0.7951,0.2003
2015,순복음총회신학교,본교,사립,0.0,0.0
2015,순천향대학교,본교,사립,0.2947,0.2944
2015,숭실대학교,본교,사립,0.826,0.4116
2015,숭실사이버대학교,본교,사립,0.6553,0.0727
2015,신경대학교,본교,사립,0.9015,0.0329
2015,신라대학교,본교,사립,0.6328,0.146
2015,신한대학교,본교,사립,0.5116,0.0938
2015,아세아연합신학대학교,본교,사립,0.269,0.0
2015,아주대학교,본교,사립,0.3673,0.5806
2015,안양대학교,본교,사립,0.7003,0.0589
2015,연세대학교,본교,사립,0.4032,0.8779
2015,영남대학교,본교,사립,0.5725,0.6329
2015,영남신학대학교,본교,사립,0.5758,0.0
2015,영산대학교,본교,사립,0.5681,0.0898
2015,영산선학대학교,본교,사립,0.0,0.0
2015,예수대학교,본교,사립,0.1889,0.0139
2015,예원예술대학교,본교,사립,0.1993,0.0179
2015,용인대학교,본교,사립,0.463,0.0526
2015,우석대학교,본교,사립,0.4282,0.0776
2015,우송대학교,본교,사립,0.2651,0.1089
2015,울산대학교,본교,사립,0.2376,0.6068
2015,원광대학교,본교,사립,0.6046,0.1734
2015,원광디지털대학교,본교,사립,0.7333,0.0
2015,위덕대학교,본교,사립,0.4374,0.0803
2015,유원대학교,본교,사립,0.3504,0.0534
2015,을지대학교,본교,사립,0.0978,0.2115
2015,이화여자대학교,본교,사립,0.6947,0.423
2015,인제대학교,본교,사립,0.4579,0.3799
2015,인천가톨릭대학교,본교,사립,0.05,0.0
2015,인하대학교,본교,사립,0.4337,0.458
2015,장로회신학대학교,본교,사립,0.7821,0.0256
2015,전주대학교,본교,사립,0.4527,0.163
2015,제주국제대학교,본교,사립,0.5075,0.022
2015,조선대학교,본교,사립,0.705,0.3121
2015,중부대학교,본교,사립,0.6046,0.0959
2015,중앙대학교,본교,사립,0.711,0.659
2015,중앙승가대학교,본교,사립,1.0083,0.0
2015,중원대학교,본교,사립,0.8998,0.1766
2015,차의과학대학교,본교,사립,0.0907,0.2305
2015,창신대학교,본교,사립,0.1995,0.0233
2015,청운대학교,본교,사립,0.5083,0.15
2015,청주대학교,본교,사립,0.7158,0.215
2015,초당대학교,본교,사립,0.4042,0.0525
2015,총신대학교,본교,사립,0.6233,0.0195
2015,추계예술대학교,본교,사립,0.0408,0.0
2015,침례신학대학교,본교,사립,0.5083,0.0
2015,칼빈대학교,본교,사립,0.0,0.0
2015,평택대학교,본교,사립,0.4205,0.0186
2015,포항공과대학교,본교,사립,0.0835,1.3802
2015,한국국제대학교,본교,사립,0.4638,0.0251
2015,한국기술교육대학교,본교,사립,0.7053,0.4165
2015,한국산업기술대학교,본교,사립,0.1658,0.1473
2015,한국성서대학교,본교,사립,0.6236,0.0707
2015,한국열린사이버대학교,본교,사립,0.5542,0.0093
2015,한국외국어대학교,본교,사립,0.7867,0.3605
2015,한국항공대학교,본교,사립,0.3873,0.3934
2015,한남대학교,본교,사립,0.6281,0.2816
2015,한동대학교,본교,사립,0.2969,0.1064
2015,한라대학교,본교,사립,0.253,0.0128
2015,한려대학교,본교,사립,0.3012,0.0658
2015,한림대학교,본교,사립,0.3332,0.4347
2015,한서대학교,본교,사립,0.3152,0.4772
2015,한성대학교,본교,사립,0.5851,0.117
2015,한세대학교,본교,사립,0.7927,0.0288
2015,한신대학교,본교,사립,0.4909,0.0616
2015,한양대학교,본교,사립,0.5371,0.7451
2015,한양사이버대학교,본교,사립,0.6343,0.0763
2015,한일장신대학교,본교,사립,0.4611,0.0044
2015,한중대학교,본교,사립,0.02,0.0015
2015,협성대학교,본교,사립,0.8219,0.0276
2015,호남대학교,본교,사립,0.5267,0.0827
2015,호남신학대학교,본교,사립,0.4211,0.0263
2015,호서대학교,본교,사립,0.458,0.1272
2015,호원대학교,본교,사립,0.3241,0.0344
2015,홍익대학교,본교,사립,0.5531,0.2219
2015,화신사이버대학교,본교,사립,0.0909,0.0
2016,가야대학교(김해),본교,사립,0.5968,0.0526
2016,가천대학교,본교,사립,0.4116,0.4023
2016,가톨릭관동대학교,본교,사립,0.3506,0.1432
2016,가톨릭대학교,본교,사립,0.4977,0.1924
2016,감리교신학대학교,본교,사립,0.6154,0.0
2016,강남대학교,본교,사립,0.5144,0.0613
2016,강서대학교,본교,사립,0.4437,0.0558
2016,건국대학교,본교,사립,0.6433,0.651
2016,건양대학교,본교,사립,0.377,0.0272
2016,건양사이버대학교,본교,사립,0.3625,0.0078
2016,경기대학교,본교,사립,0.6732,0.2808
2016,경남대학교,본교,사립,0.6096,0.1362
2016,경동대학교,본교,사립,0.3002,0.0845
2016,경성대학교,본교,사립,0.4203,0.0769
2016,경운대학교,본교,사립,0.351,0.0313
2016,경일대학교,본교,사립,0.3582,0.1606
2016,경주대학교,본교,사립,0.3907,0.0017
2016,경희대학교,본교,사립,0.4404,0.6545
2016,경희사이버대학교,본교,사립,0.5212,0.0582
2016,계명대학교,본교,사립,0.6309,0.2318
2016,고려대학교,본교,사립,0.4109,0.7991
2016,고려사이버대학교,본교,사립,0.6275,0.112
2016,고신대학교,본교,사립,0.3129,0.1567
2016,광신대학교,본교,사립,0.0,0.0
2016,광운대학교,본교,사립,0.5547,0.5293
2016,광주가톨릭대학교,본교,사립,0.3333,0.0
2016,광주대학교,본교,사립,0.475,0.0606
2016,광주여자대학교,본교,사립,0.9075,0.0666
2016,국민대학교,본교,사립,0.592,0.206
2016,국제사이버대학교,본교,사립,0.1798,0.0
2016,극동대학교,본교,사립,0.5146,0.1218
2016,글로벌사이버대학교,본교,사립,0.0,0.0
2016,금강대학교,본교,사립,0.8111,0.0083
2016,김천대학교,본교,사립,0.2158,0.1103
2016,꽃동네대학교,본교,사립,0.4595,0.0
2016,나사렛대학교,본교,사립,0.3409,0.0461
2016,남부대학교,본교,사립,0.4521,0.0785
2016,남서울대학교,본교,사립,0.6601,0.2755
2016,단국대학교,본교,사립,1.0345,0.1976
2016,대구가톨릭대학교,본교,사립,0.4449,0.2323
2016,대구대학교,본교,사립,0.7706,0.2176
2016,대구사이버대학교,본교,사립,0.7875,0.0154
2016,대구예술대학교,본교,사립,0.0656,0.0
2016,대구외국어대학교,본교,사립,0.2571,0.0
2016,대구한의대학교,본교,사립,0.3864,0.1197
2016,대신대학교,본교,사립,0.0833,0.0
2016,대전가톨릭대학교,본교,사립,0.0,0.0
2016,대전대학교,본교,사립,0.547,0.0941
2016,대전신학대학교,본교,사립,0.5556,0.0
2016,대진대학교,본교,사립,0.5493,0.0666
2016,덕성여자대학교,본교,사립,0.9406,0.1845
2016,동국대학교,본교,사립,0.5349,0.4318
2016,동덕여자대학교,본교,사립,0.5941,0.0834
2016,동명대학교,본교,사립,0.4962,0.1139
2016,동서대학교,본교,사립,0.3563,0.0744
2016,동신대학교,본교,사립,0.4073,0.0873
2016,동아대학교,본교,사립,0.5555,0.2404
2016,동양대학교,본교,사립,0.5961,0.0534
2016,동의대학교,본교,사립,0.5337,0.0719
2016,디지털서울문화예술대학교,본교,사립,0.058,0.0
2016,루터대학교,본교,사립,0.1032,0.0
2016,명지대학교,본교,사립,0.1948,0.446
2016,목원대학교,본교,사립,0.674,0.1127
2016,목포가톨릭대학교,본교,사립,0.377,0.0
2016,배재대학교,본교,사립,0.4064,0.1069
2016,백석대학교,본교,사립,0.4291,0.0738
2016,부산가톨릭대학교,본교,사립,0.724,0.2104
2016,부산디지털대학교,본교,사립,0.2882,0.0471
2016,부산외국어대학교,본교,사립,0.5714,0.0151
2016,부산장신대학교,본교,사립,0.6987,0.0
2016,사이버한국외국어대학교,본교,사립,0.45,0.0313
2016,삼육대학교,본교,사립,0.6217,0.25
2016,상명대학교,본교,사립,0.7984,0.1848
2016,상지대학교,본교,사립,0.4455,0.0439
2016,서강대학교,본교,사립,0.5202,0.4711
2016,서경대학교,본교,사립,0.2872,0.0664
2016,서남대학교,본교,사립,0.0941,0.1034
2016,서울기독대학교,본교,사립,0.3144,0.0303
2016,서울디지털대학교,본교,사립,0.6979,0.0
2016,서울사이버대학교,본교,사립,0.9319,0.0607
2016,서울신학대학교,본교,사립,0.6601,0.0
2016,서울여자대학교,본교,사립,0.7339,0.1416
2016,서울장신대학교,본교,사립,0.2675,0.0
2016,서울한영대학교,본교,사립,0.2717,0.0155
2016,서원대학교,본교,사립,0.8608,0.1284
2016,선문대학교,본교,사립,0.557,0.2803
2016,성결대학교,본교,사립,0.9698,0.1065
2016,성공회대학교,본교,사립,0.4587,0.081
2016,성균관대학교,본교,사립,0.3744,0.956
2016,성신여자대학교,본교,사립,0.7913,0.1506
2016,세명대학교,본교,사립,0.8268,0.1906
2016,세종대학교,본교,사립,0.3389,0.4532
2016,세종사이버대학교,본교,사립,0.2882,0.0368
2016,세한대학교,본교,사립,0.6188,0.1239
2016,송원대학교,본교,사립,0.9196,0.0995
2016,수원가톨릭대학교,본교,사립,0.1111,0.0
2016,수원대학교,본교,사립,0.2946,0.0862
2016,숙명여자대학교,본교,사립,0.7029,0.2333
2016,순복음총회신학교,본교,사립,0.0,0.0
2016,순천향대학교,본교,사립,0.2314,0.254
2016,숭실대학교,본교,사립,0.8698,0.413
2016,숭실사이버대학교,본교,사립,0.5512,0.0
2016,신경대학교,본교,사립,0.8099,0.0159
2016,신라대학교,본교,사립,0.5027,0.1027
2016,신한대학교,본교,사립,0.3838,0.0746
2016,아세아연합신학대학교,본교,사립,0.6017,0.0
2016,아주대학교,본교,사립,0.3224,0.5529
2016,안양대학교,본교,사립,0.6102,0.0556
2016,연세대학교,본교,사립,0.3607,0.8574
2016,영남대학교,본교,사립,0.5776,0.689
2016,영남신학대학교,본교,사립,0.6935,0.0108
2016,영산대학교,본교,사립,0.6369,0.1315
2016,영산선학대학교,본교,사립,0.0,0.0
2016,예수대학교,본교,사립,0.1638,0.0986
2016,예원예술대학교,본교,사립,0.1685,0.0041
2016,용인대학교,본교,사립,0.4718,0.0633
2016,우석대학교,본교,사립,0.5152,0.0763
2016,우송대학교,본교,사립,0.2632,0.1278
2016,울산대학교,본교,사립,0.2209,0.5916
2016,원광대학교,본교,사립,0.5238,0.1515
2016,원광디지털대학교,본교,사립,0.5,0.0
2016,위덕대학교,본교,사립,0.5199,0.0789
2016,유원대학교,본교,사립,0.2057,0.0873
2016,을지대학교,본교,사립,0.078,0.2009
2016,이화여자대학교,본교,사립,0.6215,0.4548
2016,인제대학교,본교,사립,0.3235,0.2248
2016,인천가톨릭대학교,본교,사립,0.1364,0.0
2016,인하대학교,본교,사립,0.4934,0.5124
2016,장로회신학대학교,본교,사립,0.9114,0.0253
2016,전주대학교,본교,사립,0.449,0.1553
2016,제주국제대학교,본교,사립,0.6708,0.0054
2016,조선대학교,본교,사립,0.6978,0.3085
2016,중부대학교,본교,사립,0.4873,0.1207
2016,중앙대학교,본교,사립,0.6313,0.6443
2016,중앙승가대학교,본교,사립,0.8553,0.0
2016,중원대학교,본교,사립,1.0169,0.2477
2016,차의과학대학교,본교,사립,0.0978,0.3181
2016,창신대학교,본교,사립,0.448,0.0353
2016,청운대학교,본교,사립,0.4256,0.1053
2016,청주대학교,본교,사립,0.7229,0.1949
2016,초당대학교,본교,사립,0.2849,0.0356
2016,총신대학교,본교,사립,0.7299,0.0272
2016,추계예술대학교,본교,사립,0.0459,0.0
2016,침례신학대학교,본교,사립,0.3765,0.0
2016,칼빈대학교,본교,사립,0.0208,0.0
2016,평택대학교,본교,사립,0.5895,0.0098
2016,포항공과대학교,본교,사립,0.0501,1.16
2016,한국국제대학교,본교,사립,0.5268,0.0415
2016,한국기술교육대학교,본교,사립,0.4321,0.3185
2016,한국산업기술대학교,본교,사립,0.1049,0.1225
2016,한국성서대학교,본교,사립,0.5066,0.069
2016,한국열린사이버대학교,본교,사립,0.2867,0.0
2016,한국외국어대학교,본교,사립,0.8123,0.2706
2016,한국항공대학교,본교,사립,0.3389,0.3686
2016,한남대학교,본교,사립,0.6449,0.2023
2016,한동대학교,본교,사립,0.3596,0.1011
2016,한라대학교,본교,사립,0.3989,0.0323
2016,한려대학교,본교,사립,0.1769,0.0267
2016,한림대학교,본교,사립,0.3253,0.4038
2016,한서대학교,본교,사립,0.2809,0.2876
2016,한성대학교,본교,사립,0.5217,0.1311
2016,한세대학교,본교,사립,0.7342,0.0455
2016,한신대학교,본교,사립,0.5575,0.0671
2016,한양대학교,본교,사립,0.4764,0.7012
2016,한양사이버대학교,본교,사립,0.6781,0.0208
2016,한일장신대학교,본교,사립,0.487,0.0089
2016,한중대학교,본교,사립,0.0149,0.0
2016,협성대학교,본교,사립,0.6639,0.0409
2016,호남대학교,본교,사립,0.4601,0.0619
2016,호남신학대학교,본교,사립,0.3026,0.0263
2016,호서대학교,본교,사립,0.539,0.1622
2016,호원대학교,본교,사립,0.3887,0.0647
2016,홍익대학교,본교,사립,0.5546,0.2405
2016,화신사이버대학교,본교,사립,0.0,0.0
2017,가야대학교(김해),본교,사립,0.5517,0.0456
2017,가천대학교,본교,사립,0.4,0.4389
2017,가톨릭관동대학교,본교,사립,0.4035,0.1895
2017,가톨릭대학교,본교,사립,0.6425,0.1894
2017,감리교신학대학교,본교,사립,0.4,0.0
2017,강남대학교,본교,사립,0.6511,0.0801
2017,강서대학교,본교,사립,0.4856,0.0659
2017,건국대학교,본교,사립,0.5999,0.5998
2017,건양대학교,본교,사립,0.5033,0.0393
2017,건양사이버대학교,본교,사립,0.4865,0.0089
2017,경기대학교,본교,사립,0.6868,0.3061
2017,경남대학교,본교,사립,0.647,0.0956
2017,경동대학교,본교,사립,0.197,0.014
2017,경성대학교,본교,사립,0.4737,0.0807
2017,경운대학교,본교,사립,0.3845,0.0195
2017,경일대학교,본교,사립,0.3461,0.145
2017,경주대학교,본교,사립,0.3996,0.025
2017,경희대학교,본교,사립,0.4636,0.6341
2017,경희사이버대학교,본교,사립,0.7442,0.0558
2017,계명대학교,본교,사립,0.5593,0.2564
2017,고려대학교,본교,사립,0.378,0.7521
2017,고려사이버대학교,본교,사립,0.6731,0.0466
2017,고신대학교,본교,사립,0.3154,0.1784
2017,광신대학교,본교,사립,0.0833,0.0
2017,광운대학교,본교,사립,0.6755,0.5574
2017,광주가톨릭대학교,본교,사립,0.3333,0.0
2017,광주대학교,본교,사립,0.4956,0.0978
2017,광주여자대학교,본교,사립,0.811,0.0593
2017,국민대학교,본교,사립,0.6023,0.2549
2017,국제사이버대학교,본교,사립,0.2833,0.0
2017,극동대학교,본교,사립,0.5059,0.1095
2017,글로벌사이버대학교,본교,사립,0.0104,0.0
2017,금강대학교,본교,사립,0.4012,0.0357
2017,김천대학교,본교,사립,0.1964,0.0562
2017,꽃동네대학교,본교,사립,0.5924,0.1023
2017,나사렛대학교,본교,사립,0.3996,0.0292
2017,남부대학교,본교,사립,0.5109,0.1527
2017,남서울대학교,본교,사립,0.6338,0.2502
2017,단국대학교,본교,사립,0.9175,0.248
2017,대구가톨릭대학교,본교,사립,0.3882,0.1665
2017,대구대학교,본교,사립,0.7194,0.2009
2017,대구사이버대학교,본교,사립,0.4776,0.0055
2017,대구예술대학교,본교,사립,0.0791,0.0
2017,대구한의대학교,본교,사립,0.3679,0.1148
2017,대신대학교,본교,사립,0.3519,0.0
2017,대전가톨릭대학교,본교,사립,0.0,0.0
2017,대전대학교,본교,사립,0.5341,0.0831
2017,대전신학대학교,본교,사립,0.0833,0.0
2017,대진대학교,본교,사립,0.654,0.0798
2017,덕성여자대학교,본교,사립,0.7525,0.1812
2017,동국대학교,본교,사립,0.5906,0.4417
2017,동덕여자대학교,본교,사립,0.6481,0.0815
2017,동명대학교,본교,사립,0.4892,0.1476
2017,동서대학교,본교,사립,0.3953,0.0943
2017,동신대학교,본교,사립,0.369,0.0598
2017,동아대학교,본교,사립,0.4259,0.2181
2017,동양대학교,본교,사립,0.669,0.0185
2017,동의대학교,본교,사립,0.5627,0.0947
2017,디지털서울문화예술대학교,본교,사립,0.0476,0.0
2017,루터대학교,본교,사립,0.5912,0.0
2017,명지대학교,본교,사립,0.1582,0.3785
2017,목원대학교,본교,사립,0.7153,0.0841
2017,목포가톨릭대학교,본교,사립,0.4293,0.0952
2017,배재대학교,본교,사립,0.4618,0.0959
2017,백석대학교,본교,사립,0.4214,0.0521
2017,부산가톨릭대학교,본교,사립,0.7301,0.2685
2017,부산디지털대학교,본교,사립,0.1,0.0
2017,부산외국어대학교,본교,사립,0.2699,0.0027
2017,부산장신대학교,본교,사립,0.7951,0.0
2017,사이버한국외국어대학교,본교,사립,0.2747,0.0
2017,삼육대학교,본교,사립,0.5277,0.3055
2017,상명대학교,본교,사립,0.8255,0.2256
2017,상지대학교,본교,사립,0.3913,0.0802
2017,서강대학교,본교,사립,0.4984,0.4683
2017,서경대학교,본교,사립,0.6302,0.1095
2017,서울기독대학교,본교,사립,0.6813,0.0
2017,서울디지털대학교,본교,사립,0.4295,0.0607
2017,서울사이버대학교,본교,사립,0.8187,0.0431
2017,서울신학대학교,본교,사립,0.8029,0.0141
2017,서울여자대학교,본교,사립,0.7316,0.1447
2017,서울장신대학교,본교,사립,1.1272,0.0105
2017,서울한영대학교,본교,사립,0.4145,0.0
2017,서원대학교,본교,사립,0.8685,0.1057
2017,선문대학교,본교,사립,0.5177,0.2075
2017,성결대학교,본교,사립,0.8497,0.0714
2017,성공회대학교,본교,사립,0.2981,0.025
2017,성균관대학교,본교,사립,0.3033,0.9149
2017,성신여자대학교,본교,사립,0.7674,0.1306
2017,세명대학교,본교,사립,0.8805,0.1805
2017,세종대학교,본교,사립,0.3354,0.5676
2017,세종사이버대학교,본교,사립,0.4498,0.0221
2017,세한대학교,본교,사립,0.6429,0.0821
2017,송원대학교,본교,사립,0.7528,0.0999
2017,수원가톨릭대학교,본교,사립,0.25,0.0
2017,수원대학교,본교,사립,0.264,0.1061
2017,숙명여자대학교,본교,사립,0.7954,0.221
2017,순복음총회신학교,본교,사립,0.0,0.0
2017,순천향대학교,본교,사립,0.2427,0.2915
2017,숭실대학교,본교,사립,0.8431,0.3418
2017,숭실사이버대학교,본교,사립,0.6116,0.0
2017,신경대학교,본교,사립,0.8911,0.0056
2017,신라대학교,본교,사립,0.589,0.1566
2017,신한대학교,본교,사립,0.4699,0.1192
2017,아세아연합신학대학교,본교,사립,0.6093,0.0169
2017,아주대학교,본교,사립,0.3027,0.6036
2017,안양대학교,본교,사립,0.7236,0.0857
2017,연세대학교,본교,사립,0.3281,0.8458
2017,영남대학교,본교,사립,0.4876,0.6674
2017,영남신학대학교,본교,사립,0.7641,0.0052
2017,영산대학교,본교,사립,0.7887,0.2403
2017,영산선학대학교,본교,사립,0.0,0.0
2017,예수대학교,본교,사립,0.3273,0.0038
2017,예원예술대학교,본교,사립,0.1458,0.0212
2017,용인대학교,본교,사립,0.5432,0.0376
2017,우석대학교,본교,사립,0.392,0.0772
2017,우송대학교,본교,사립,0.2035,0.1472
2017,울산대학교,본교,사립,0.2079,0.5944
2017,원광대학교,본교,사립,0.5152,0.174
2017,원광디지털대학교,본교,사립,0.4721,0.0038
2017,위덕대학교,본교,사립,0.4659,0.0781
2017,유원대학교,본교,사립,0.2794,0.079
2017,을지대학교,본교,사립,0.1055,0.3154
2017,이화여자대학교,본교,사립,0.6091,0.4571
2017,인제대학교,본교,사립,0.2927,0.3036
2017,인천가톨릭대학교,본교,사립,0.1739,0.0
2017,인하대학교,본교,사립,0.4571,0.5498
2017,장로회신학대학교,본교,사립,0.7335,0.0669
2017,전주대학교,본교,사립,0.4737,0.1621
2017,제주국제대학교,본교,사립,0.4665,0.0011
2017,조선대학교,본교,사립,0.6749,0.3102
2017,중부대학교,본교,사립,0.6789,0.0911
2017,중앙대학교,본교,사립,0.6281,0.6841
2017,중앙승가대학교,본교,사립,1.3088,0.0
2017,중원대학교,본교,사립,0.9494,0.2626
2017,차의과학대학교,본교,사립,0.1257,0.2971
2017,창신대학교,본교,사립,0.6564,0.0896
2017,청운대학교,본교,사립,0.5206,0.0983
2017,청주대학교,본교,사립,0.6386,0.1837
2017,초당대학교,본교,사립,0.4885,0.0659
2017,총신대학교,본교,사립,0.8417,0.0415
2017,추계예술대학교,본교,사립,0.05,0.0
2017,침례신학대학교,본교,사립,0.2535,0.0
2017,칼빈대학교,본교,사립,0.0,0.0
2017,평택대학교,본교,사립,0.6546,0.0488
2017,포항공과대학교,본교,사립,0.0757,1.1761
2017,한국국제대학교,본교,사립,0.6671,0.0323
2017,한국기술교육대학교,본교,사립,0.416,0.254
2017,한국산업기술대학교,본교,사립,0.1611,0.2169
2017,한국성서대학교,본교,사립,0.7318,0.0559
2017,한국열린사이버대학교,본교,사립,0.2707,0.0
2017,한국외국어대학교,본교,사립,0.8104,0.2347
2017,한국항공대학교,본교,사립,0.4508,0.3306
2017,한남대학교,본교,사립,0.5865,0.2294
2017,한동대학교,본교,사립,0.3314,0.1508
2017,한라대학교,본교,사립,0.4639,0.0045
2017,한려대학교,본교,사립,0.0994,0.029
2017,한림대학교,본교,사립,0.2559,0.4531
2017,한서대학교,본교,사립,0.3299,0.2254
2017,한성대학교,본교,사립,0.5117,0.1113
2017,한세대학교,본교,사립,0.797,0.0241
2017,한신대학교,본교,사립,0.6479,0.0747
2017,한양대학교,본교,사립,0.4706,0.7334
2017,한양사이버대학교,본교,사립,0.817,0.0442
2017,한일장신대학교,본교,사립,0.4958,0.0206
2017,협성대학교,본교,사립,0.6222,0.045
2017,호남대학교,본교,사립,0.4386,0.0293
2017,호남신학대학교,본교,사립,0.277,0.0
2017,호서대학교,본교,사립,0.6289,0.1085
2017,호원대학교,본교,사립,0.7146,0.073
2017,홍익대학교,본교,사립,0.5032,0.266
2017,화신사이버대학교,본교,사립,0.0333,0.0
2018,가야대학교(김해),본교,사립,0.4527,0.0595
2018,가천대학교,본교,사립,0.4422,0.4793
2018,가톨릭관동대학교,본교,사립,0.4492,0.1838
2018,가톨릭대학교,본교,사립,0.7415,0.2133
2018,감리교신학대학교,본교,사립,0.28,0.0
2018,강남대학교,본교,사립,0.6812,0.0572
2018,강서대학교,본교,사립,0.3134,0.0521
2018,건국대학교,본교,사립,0.5467,0.6196
2018,건양대학교,본교,사립,0.4119,0.0388
2018,건양사이버대학교,본교,사립,0.3014,0.0944
2018,경기대학교,본교,사립,0.815,0.3349
2018,경남대학교,본교,사립,0.7171,0.1582
2018,경동대학교,본교,사립,0.3238,0.0257
2018,경성대학교,본교,사립,0.468,0.0983
2018,경운대학교,본교,사립,0.3583,0.017
2018,경일대학교,본교,사립,0.3341,0.1207
2018,경주대학교,본교,사립,0.298,0.0321
2018,경희대학교,본교,사립,0.4732,0.637
2018,경희사이버대학교,본교,사립,0.6436,0.0356
2018,계명대학교,본교,사립,0.5706,0.3022
2018,고려대학교,본교,사립,0.3891,0.7859
2018,고려사이버대학교,본교,사립,0.4725,0.152
2018,고신대학교,본교,사립,0.3242,0.1035
2018,광신대학교,본교,사립,0.183,0.048
2018,광운대학교,본교,사립,0.5936,0.5796
2018,광주가톨릭대학교,본교,사립,0.0625,0.0
2018,광주대학교,본교,사립,0.6385,0.1184
2018,광주여자대학교,본교,사립,0.9473,0.1038
2018,국민대학교,본교,사립,0.6302,0.2445
2018,국제사이버대학교,본교,사립,0.3333,0.0
2018,극동대학교,본교,사립,0.6033,0.1662
2018,글로벌사이버대학교,본교,사립,0.0216,0.0
2018,금강대학교,본교,사립,0.5119,0.0
2018,김천대학교,본교,사립,0.3687,0.1637
2018,꽃동네대학교,본교,사립,0.4854,0.026
2018,나사렛대학교,본교,사립,0.4569,0.0494
2018,남부대학교,본교,사립,0.527,0.0889
2018,남서울대학교,본교,사립,0.646,0.2491
2018,단국대학교,본교,사립,0.8679,0.2178
2018,대구가톨릭대학교,본교,사립,0.4263,0.2466
2018,대구대학교,본교,사립,0.6358,0.2003
2018,대구사이버대학교,본교,사립,0.7167,0.0
2018,대구예술대학교,본교,사립,0.1524,0.0
2018,대구한의대학교,본교,사립,0.4461,0.1242
2018,대신대학교,본교,사립,0.0667,0.0
2018,대전가톨릭대학교,본교,사립,0.0,0.0
2018,대전대학교,본교,사립,0.5187,0.1119
2018,대전신학대학교,본교,사립,0.1667,0.0
2018,대진대학교,본교,사립,0.6392,0.0473
2018,덕성여자대학교,본교,사립,0.7346,0.1458
2018,동국대학교,본교,사립,0.564,0.4596
2018,동덕여자대학교,본교,사립,0.5144,0.1138
2018,동명대학교,본교,사립,0.6149,0.2475
2018,동서대학교,본교,사립,0.3586,0.0858
2018,동신대학교,본교,사립,0.4166,0.06
2018,동아대학교,본교,사립,0.5046,0.2281
2018,동양대학교,본교,사립,0.6468,0.0837
2018,동의대학교,본교,사립,0.6553,0.1029
2018,디지털서울문화예술대학교,본교,사립,0.0,0.0
2018,루터대학교,본교,사립,1.2667,0.0
2018,명지대학교,본교,사립,0.1172,0.3008
2018,목원대학교,본교,사립,0.596,0.1138
2018,목포가톨릭대학교,본교,사립,0.2238,0.0317
2018,배재대학교,본교,사립,0.7261,0.1058
2018,백석대학교,본교,사립,0.4487,0.0843
2018,부산가톨릭대학교,본교,사립,0.7071,0.1954
2018,부산디지털대학교,본교,사립,0.1056,0.0746
2018,부산외국어대학교,본교,사립,0.7422,0.0345
2018,부산장신대학교,본교,사립,0.5304,0.0
2018,사이버한국외국어대학교,본교,사립,0.8687,0.0321
2018,삼육대학교,본교,사립,0.573,0.1811
2018,상명대학교,본교,사립,0.8239,0.2673
2018,상지대학교,본교,사립,0.3599,0.0797
2018,서강대학교,본교,사립,0.5633,0.4041
2018,서경대학교,본교,사립,0.6383,0.1147
2018,서울기독대학교,본교,사립,0.6394,0.0121
2018,서울디지털대학교,본교,사립,0.5588,0.0333
2018,서울사이버대학교,본교,사립,0.7062,0.0388
2018,서울신학대학교,본교,사립,0.7888,0.0021
2018,서울여자대학교,본교,사립,0.5628,0.1507
2018,서울장신대학교,본교,사립,0.6459,0.0
2018,서울한영대학교,본교,사립,0.4276,0.0
2018,서원대학교,본교,사립,1.159,0.1749
2018,선문대학교,본교,사립,0.5031,0.2305
2018,성결대학교,본교,사립,0.78,0.108
2018,성공회대학교,본교,사립,0.3232,0.0406
2018,성균관대학교,본교,사립,0.3287,0.913
2018,성신여자대학교,본교,사립,0.8262,0.0976
2018,세명대학교,본교,사립,0.8856,0.2164
2018,세종대학교,본교,사립,0.3755,0.5906
2018,세종사이버대학교,본교,사립,0.2841,0.0716
2018,세한대학교,본교,사립,0.6747,0.0498
2018,송원대학교,본교,사립,0.6794,0.0782
2018,수원가톨릭대학교,본교,사립,0.0,0.0
2018,수원대학교,본교,사립,0.2816,0.1262
2018,숙명여자대학교,본교,사립,0.6655,0.2503
2018,순복음총회신학교,본교,사립,0.0,0.0
2018,순천향대학교,본교,사립,0.2784,0.2815
2018,숭실대학교,본교,사립,0.873,0.3602
2018,숭실사이버대학교,본교,사립,0.6824,0.0314
2018,신경대학교,본교,사립,0.3052,0.0117
2018,신라대학교,본교,사립,0.5866,0.0966
2018,신한대학교,본교,사립,0.6173,0.0887
2018,아세아연합신학대학교,본교,사립,0.4589,0.0268
2018,아주대학교,본교,사립,0.313,0.5416
2018,안양대학교,본교,사립,0.5546,0.081
2018,연세대학교,본교,사립,0.3147,0.8258
2018,영남대학교,본교,사립,0.4676,0.6403
2018,영남신학대학교,본교,사립,0.875,0.0
2018,영산대학교,본교,사립,0.478,0.1242
2018,영산선학대학교,본교,사립,0.0909,0.0
2018,예수대학교,본교,사립,0.3,0.0739
2018,예원예술대학교,본교,사립,0.2845,0.0
2018,용인대학교,본교,사립,0.5094,0.0504
2018,우석대학교,본교,사립,0.2973,0.0519
2018,우송대학교,본교,사립,0.2212,0.1444
2018,울산대학교,본교,사립,0.1862,0.6293
2018,원광대학교,본교,사립,0.4939,0.2004
2018,원광디지털대학교,본교,사립,0.6688,0.0
2018,위덕대학교,본교,사립,0.5055,0.0587
2018,유원대학교,본교,사립,0.2432,0.0687
2018,을지대학교,본교,사립,0.1152,0.2937
2018,이화여자대학교,본교,사립,0.5893,0.4468
2018,인제대학교,본교,사립,0.2638,0.3072
2018,인천가톨릭대학교,본교,사립,0.1739,0.0
2018,인하대학교,본교,사립,0.4988,0.5626
2018,장로회신학대학교,본교,사립,0.9594,0.1125
2018,전주대학교,본교,사립,0.699,0.1532
2018,제주국제대학교,본교,사립,0.514,0.0313
2018,조선대학교,본교,사립,0.6275,0.3019
2018,중부대학교,본교,사립,0.6078,0.1511
2018,중앙대학교,본교,사립,0.6196,0.6149
2018,중앙승가대학교,본교,사립,1.0,0.0
2018,중원대학교,본교,사립,0.8378,0.2711
2018,차의과학대학교,본교,사립,0.0986,0.2844
2018,창신대학교,본교,사립,0.6184,0.1367
2018,청운대학교,본교,사립,0.5502,0.1515
2018,청주대학교,본교,사립,0.7068,0.2468
2018,초당대학교,본교,사립,0.531,0.0388
2018,총신대학교,본교,사립,0.5785,0.0068
2018,추계예술대학교,본교,사립,0.1469,0.0
2018,칼빈대학교,본교,사립,0.087,0.0
2018,평택대학교,본교,사립,0.7339,0.0646
2018,포항공과대학교,본교,사립,0.0553,1.2549
2018,한국국제대학교,본교,사립,0.5195,0.0164
2018,한국기술교육대학교,본교,사립,0.4805,0.2665
2018,한국산업기술대학교,본교,사립,0.1836,0.1572
2018,한국성서대학교,본교,사립,0.8048,0.0597
2018,한국열린사이버대학교,본교,사립,0.1539,0.0
2018,한국외국어대학교,본교,사립,0.7988,0.2328
2018,한국침례신학대학교,본교,사립,0.3066,0.0
2018,한국항공대학교,본교,사립,0.3719,0.3603
2018,한남대학교,본교,사립,0.6509,0.2045
2018,한동대학교,본교,사립,0.474,0.0942
2018,한라대학교,본교,사립,0.2931,0.0669
2018,한려대학교,본교,사립,0.0,0.0
2018,한림대학교,본교,사립,0.2333,0.4307
2018,한서대학교,본교,사립,0.2372,0.2171
2018,한성대학교,본교,사립,0.4982,0.1849
2018,한세대학교,본교,사립,0.7038,0.0506
2018,한신대학교,본교,사립,0.5433,0.061
2018,한양대학교,본교,사립,0.3756,0.7238
2018,한양사이버대학교,본교,사립,0.8446,0.0612
2018,한일장신대학교,본교,사립,0.3891,0.0254
2018,협성대학교,본교,사립,0.4712,0.0231
2018,호남대학교,본교,사립,0.5102,0.0871
2018,호남신학대학교,본교,사립,0.3436,0.0
2018,호서대학교,본교,사립,0.5615,0.1493
2018,호원대학교,본교,사립,0.5929,0.0373
2018,홍익대학교,본교,사립,0.4914,0.2122
2018,화신사이버대학교,본교,사립,0.0227,0.013
2019,가야대학교(김해),본교,사립,0.567,0.0526
2019,가천대학교,본교,사립,0.4246,0.5822
2019,가톨릭관동대학교,본교,사립,0.432,0.1954
2019,가톨릭대학교,본교,사립,0.7309,0.2334
2019,감리교신학대학교,본교,사립,0.74,0.06
2019,강남대학교,본교,사립,0.6478,0.0828
2019,강서대학교,본교,사립,0.4216,0.0407
2019,건국대학교,본교,사립,0.6251,0.6766
2019,건양대학교,본교,사립,0.5889,0.051
2019,건양사이버대학교,본교,사립,0.5289,0.0756
2019,경기대학교,본교,사립,0.7337,0.3555
2019,경남대학교,본교,사립,0.646,0.124
2019,경동대학교,본교,사립,0.2545,0.0154
2019,경성대학교,본교,사립,0.4589,0.0987
2019,경운대학교,본교,사립,0.3901,0.02
2019,경일대학교,본교,사립,0.2953,0.0867
2019,경주대학교,본교,사립,0.2727,0.0167
2019,경희대학교,본교,사립,0.455,0.6321
2019,경희사이버대학교,본교,사립,0.575,0.0231
2019,계명대학교,본교,사립,0.5677,0.2415
2019,고려대학교,본교,사립,0.3575,0.8245
2019,고려사이버대학교,본교,사립,0.4413,0.1922
2019,고신대학교,본교,사립,0.3427,0.1615
2019,광신대학교,본교,사립,0.296,0.0
2019,광운대학교,본교,사립,0.5371,0.513
2019,광주가톨릭대학교,본교,사립,0.0556,0.0
2019,광주대학교,본교,사립,0.7224,0.1679
2019,광주여자대학교,본교,사립,0.9521,0.0821
2019,국민대학교,본교,사립,0.5997,0.2726
2019,국제사이버대학교,본교,사립,0.4967,0.0167
2019,극동대학교,본교,사립,0.6122,0.115
2019,글로벌사이버대학교,본교,사립,0.0392,0.1863
2019,금강대학교,본교,사립,0.5536,0.0
2019,김천대학교,본교,사립,0.3987,0.0513
2019,꽃동네대학교,본교,사립,0.6473,0.1
2019,나사렛대학교,본교,사립,0.439,0.0469
2019,남부대학교,본교,사립,0.5332,0.1531
2019,남서울대학교,본교,사립,0.8194,0.2493
2019,단국대학교,본교,사립,1.0076,0.2414
2019,대구가톨릭대학교,본교,사립,0.4292,0.2849
2019,대구대학교,본교,사립,0.6514,0.2054
2019,대구사이버대학교,본교,사립,0.7604,0.0255
2019,대구예술대학교,본교,사립,0.2222,0.0
2019,대구한의대학교,본교,사립,0.4456,0.0933
2019,대신대학교,본교,사립,0.1714,0.0
2019,대전가톨릭대학교,본교,사립,0.0,0.0
2019,대전대학교,본교,사립,0.5617,0.1343
2019,대전신학대학교,본교,사립,0.4545,0.0
2019,대진대학교,본교,사립,0.5702,0.0808
2019,덕성여자대학교,본교,사립,0.7121,0.1884
2019,동국대학교,본교,사립,0.6286,0.5731
2019,동덕여자대학교,본교,사립,0.5644,0.0804
2019,동명대학교,본교,사립,0.7045,0.1769
2019,동서대학교,본교,사립,0.452,0.0961
2019,동신대학교,본교,사립,0.513,0.1052
2019,동아대학교,본교,사립,0.4565,0.2328
2019,동양대학교,본교,사립,0.6046,0.0422
2019,동의대학교,본교,사립,0.5514,0.1179
2019,디지털서울문화예술대학교,본교,사립,0.0,0.0
2019,루터대학교,본교,사립,0.5658,0.0
2019,명지대학교,본교,사립,0.125,0.3134
2019,목원대학교,본교,사립,0.5251,0.0811
2019,목포가톨릭대학교,본교,사립,0.8176,0.0588
2019,배재대학교,본교,사립,0.5687,0.085
2019,백석대학교,본교,사립,0.4836,0.0722
2019,부산가톨릭대학교,본교,사립,0.7197,0.1539
2019,부산디지털대학교,본교,사립,0.2009,0.0386
2019,부산외국어대학교,본교,사립,0.714,0.0207
2019,부산장신대학교,본교,사립,0.569,0.0
2019,사이버한국외국어대학교,본교,사립,0.8749,0.0
2019,삼육대학교,본교,사립,0.5329,0.1272
2019,상명대학교,본교,사립,0.8717,0.4534
2019,상지대학교,본교,사립,0.3839,0.076
2019,서강대학교,본교,사립,0.4745,0.4351
2019,서경대학교,본교,사립,0.6195,0.1014
2019,서울기독대학교,본교,사립,0.0862,0.0
2019,서울디지털대학교,본교,사립,0.2838,0.0047
2019,서울사이버대학교,본교,사립,0.7473,0.0276
2019,서울신학대학교,본교,사립,0.8624,0.0057
2019,서울여자대학교,본교,사립,0.5537,0.1013
2019,서울장신대학교,본교,사립,0.573,0.0
2019,서울한영대학교,본교,사립,0.4045,0.0045
2019,서원대학교,본교,사립,0.9082,0.0944
2019,선문대학교,본교,사립,0.5308,0.1987
2019,성결대학교,본교,사립,0.7364,0.1033
2019,성공회대학교,본교,사립,0.3107,0.0382
2019,성균관대학교,본교,사립,0.3223,0.9825
2019,성신여자대학교,본교,사립,0.7471,0.1292
2019,세명대학교,본교,사립,0.828,0.2513
2019,세종대학교,본교,사립,0.3166,0.7322
2019,세종사이버대학교,본교,사립,0.4268,0.2072
2019,세한대학교,본교,사립,0.864,0.0282
2019,송원대학교,본교,사립,0.7159,0.0591
2019,수원가톨릭대학교,본교,사립,0.0909,0.0
2019,수원대학교,본교,사립,0.2659,0.0911
2019,숙명여자대학교,본교,사립,0.5896,0.2802
2019,순복음총회신학교,본교,사립,0.0,0.0
2019,순천향대학교,본교,사립,0.2894,0.3306
2019,숭실대학교,본교,사립,0.8314,0.3705
2019,숭실사이버대학교,본교,사립,0.8158,0.02
2019,신경대학교,본교,사립,0.4494,0.048
2019,신라대학교,본교,사립,0.4166,0.0835
2019,신한대학교,본교,사립,0.5866,0.0672
2019,아세아연합신학대학교,본교,사립,0.4241,0.0
2019,아주대학교,본교,사립,0.2341,0.5933
2019,안양대학교,본교,사립,0.6027,0.1777
2019,연세대학교,본교,사립,0.3112,0.8929
2019,영남대학교,본교,사립,0.4396,0.629
2019,영남신학대학교,본교,사립,0.531,0.0
2019,영산대학교,본교,사립,0.6648,0.1498
2019,영산선학대학교,본교,사립,0.1667,0.0
2019,예수대학교,본교,사립,0.4357,0.0159
2019,예원예술대학교,본교,사립,0.3107,0.0
2019,용인대학교,본교,사립,0.4482,0.0604
2019,우석대학교,본교,사립,0.4716,0.0505
2019,우송대학교,본교,사립,0.188,0.2977
2019,울산대학교,본교,사립,0.1601,0.6571
2019,원광대학교,본교,사립,0.5025,0.2016
2019,원광디지털대학교,본교,사립,1.0293,0.0467
2019,위덕대학교,본교,사립,0.4549,0.0295
2019,유원대학교,본교,사립,0.2982,0.0385
2019,을지대학교,본교,사립,0.0911,0.3201
2019,이화여자대학교,본교,사립,0.5758,0.4487
2019,인제대학교,본교,사립,0.1852,0.33
2019,인천가톨릭대학교,본교,사립,0.2105,0.0
2019,인하대학교,본교,사립,0.4441,0.5972
2019,장로회신학대학교,본교,사립,0.9937,0.0886
2019,전주대학교,본교,사립,0.8377,0.1672
2019,제주국제대학교,본교,사립,0.5625,0.0869
2019,조선대학교,본교,사립,0.6449,0.362
2019,중부대학교,본교,사립,0.5019,0.1319
2019,중앙대학교,본교,사립,0.6229,0.6594
2019,중앙승가대학교,본교,사립,1.3833,0.0
2019,중원대학교,본교,사립,0.8318,0.2131
2019,차의과학대학교,본교,사립,0.0774,0.3167
2019,창신대학교,본교,사립,0.8522,0.145
2019,청운대학교,본교,사립,0.6079,0.1363
2019,청주대학교,본교,사립,0.6941,0.1821
2019,초당대학교,본교,사립,0.4285,0.0625
2019,총신대학교,본교,사립,1.0091,0.0223
2019,추계예술대학교,본교,사립,0.0272,0.0
2019,칼빈대학교,본교,사립,0.0,0.0
2019,평택대학교,본교,사립,0.5641,0.1073
2019,포항공과대학교,본교,사립,0.0612,1.1709
2019,한국국제대학교,본교,사립,0.3622,0.0182
2019,한국기술교육대학교,본교,사립,0.5341,0.3617
2019,한국산업기술대학교,본교,사립,0.2158,0.1431
2019,한국성서대학교,본교,사립,0.6026,0.0289
2019,한국열린사이버대학교,본교,사립,0.3162,0.0
2019,한국외국어대학교,본교,사립,0.7387,0.2123
2019,한국침례신학대학교,본교,사립,0.5724,0.0
2019,한국항공대학교,본교,사립,0.3561,0.369
2019,한남대학교,본교,사립,0.6338,0.1612
2019,한동대학교,본교,사립,0.4529,0.1329
2019,한라대학교,본교,사립,0.6298,0.0582
2019,한려대학교,본교,사립,0.1266,0.0114
2019,한림대학교,본교,사립,0.236,0.4976
2019,한서대학교,본교,사립,0.2828,0.201
2019,한성대학교,본교,사립,0.5169,0.1756
2019,한세대학교,본교,사립,0.691,0.0349
2019,한신대학교,본교,사립,0.5717,0.0761
2019,한양대학교,본교,사립,0.409,0.7359
2019,한양사이버대학교,본교,사립,0.8626,0.0692
2019,한일장신대학교,본교,사립,0.3607,0.0627
2019,협성대학교,본교,사립,0.5489,0.0345
2019,호남대학교,본교,사립,0.561,0.1137
2019,호남신학대학교,본교,사립,0.2662,0.0
2019,호서대학교,본교,사립,0.4913,0.1341
2019,호원대학교,본교,사립,0.4859,0.0267
2019,홍익대학교,본교,사립,0.5361,0.2377
2019,화신사이버대학교,본교,사립,0.245,0.0
2020,가야대학교(김해),본교,사립,0.4158,0.0286
2020,가천대학교,본교,사립,0.4214,0.6792
2020,가톨릭관동대학교,본교,사립,0.4231,0.1727
2020,가톨릭꽃동네대학교,본교,사립,0.5507,0.0729
2020,가톨릭대학교,본교,사립,0.7807,0.2911
2020,감리교신학대학교,본교,사립,0.8462,0.0385
2020,강남대학교,본교,사립,0.4991,0.0685
2020,강서대학교,본교,사립,0.5698,0.0612
2020,건국대학교,본교,사립,0.5217,0.6922
2020,건양대학교,본교,사립,0.7068,0.0654
2020,건양사이버대학교,본교,사립,0.7718,0.1548
2020,경기대학교,본교,사립,0.7454,0.3179
2020,경남대학교,본교,사립,0.6206,0.1468
2020,경동대학교,본교,사립,0.1626,0.0061
2020,경성대학교,본교,사립,0.3816,0.089
2020,경운대학교,본교,사립,0.5313,0.0098
2020,경일대학교,본교,사립,0.2682,0.0406
2020,경주대학교,본교,사립,0.2633,0.01
2020,경희대학교,본교,사립,0.4526,0.6484
2020,경희사이버대학교,본교,사립,0.5376,0.0261
2020,계명대학교,본교,사립,0.5683,0.306
2020,고려대학교,본교,사립,0.3301,0.8418
2020,고려사이버대학교,본교,사립,0.4708,0.1603
2020,고신대학교,본교,사립,0.2696,0.1745
2020,광신대학교,본교,사립,0.117,0.0
2020,광운대학교,본교,사립,0.519,0.5066
2020,광주가톨릭대학교,본교,사립,0.0556,0.0
2020,광주대학교,본교,사립,0.5508,0.07
2020,광주여자대학교,본교,사립,0.9812,0.0544
2020,국민대학교,본교,사립,0.5843,0.2628
2020,국제사이버대학교,본교,사립,0.6406,0.0
2020,극동대학교,본교,사립,0.5818,0.0703
2020,글로벌사이버대학교,본교,사립,0.0,0.0
2020,금강대학교,본교,사립,0.125,0.0
2020,김천대학교,본교,사립,0.4804,0.1153
2020,나사렛대학교,본교,사립,0.5293,0.0444
2020,남부대학교,본교,사립,0.5102,0.1044
2020,남서울대학교,본교,사립,0.7058,0.1893
2020,단국대학교,본교,사립,0.9632,0.2383
2020,대구가톨릭대학교,본교,사립,0.3719,0.2815
2020,대구대학교,본교,사립,0.5862,0.2241
2020,대구사이버대학교,본교,사립,0.9431,0.0208
2020,대구예술대학교,본교,사립,0.1618,0.0
2020,대구한의대학교,본교,사립,0.3562,0.1053
2020,대신대학교,본교,사립,0.2721,0.0
2020,대전가톨릭대학교,본교,사립,0.0,0.0
2020,대전대학교,본교,사립,0.5819,0.1977
2020,대전신학대학교,본교,사립,0.3636,0.0
2020,대진대학교,본교,사립,0.6395,0.1241
2020,덕성여자대학교,본교,사립,0.5762,0.112
2020,동국대학교,본교,사립,0.5722,0.5486
2020,동덕여자대학교,본교,사립,0.5538,0.0928
2020,동명대학교,본교,사립,0.5472,0.2018
2020,동서대학교,본교,사립,0.4347,0.1111
2020,동신대학교,본교,사립,0.4453,0.0566
2020,동아대학교,본교,사립,0.4824,0.2316
2020,동양대학교,본교,사립,0.6427,0.0985
2020,동의대학교,본교,사립,0.518,0.1115
2020,디지털서울문화예술대학교,본교,사립,0.0,0.0
2020,루터대학교,본교,사립,0.5294,0.0
2020,명지대학교,본교,사립,0.1192,0.3129
2020,목원대학교,본교,사립,0.4973,0.0682
2020,목포가톨릭대학교,본교,사립,0.4,0.0
2020,배재대학교,본교,사립,0.5126,0.0855
2020,백석대학교,본교,사립,0.384,0.0641
2020,부산가톨릭대학교,본교,사립,0.8226,0.1996
2020,부산디지털대학교,본교,사립,0.3368,0.0235
2020,부산외국어대학교,본교,사립,0.6138,0.0179
2020,부산장신대학교,본교,사립,0.3358,0.0
2020,사이버한국외국어대학교,본교,사립,0.7131,0.0195
2020,삼육대학교,본교,사립,0.691,0.1608
2020,상명대학교,본교,사립,0.7487,0.364
2020,상지대학교,본교,사립,0.697,0.2043
2020,서강대학교,본교,사립,0.4782,0.431
2020,서경대학교,본교,사립,0.4747,0.0476
2020,서울기독대학교,본교,사립,0.237,0.0
2020,서울디지털대학교,본교,사립,0.4357,0.0109
2020,서울사이버대학교,본교,사립,0.8083,0.0254
2020,서울신학대학교,본교,사립,0.6342,0.0177
2020,서울여자대학교,본교,사립,0.5766,0.1467
2020,서울장신대학교,본교,사립,0.775,0.0
2020,서울한영대학교,본교,사립,0.2044,0.0049
2020,서원대학교,본교,사립,0.8761,0.0753
2020,선문대학교,본교,사립,0.5177,0.2116
2020,성결대학교,본교,사립,0.8701,0.0447
2020,성공회대학교,본교,사립,0.3466,0.0754
2020,성균관대학교,본교,사립,0.3079,0.9848
2020,성신여자대학교,본교,사립,0.5931,0.1478
2020,세명대학교,본교,사립,0.6836,0.216
2020,세종대학교,본교,사립,0.2658,0.7634
2020,세종사이버대학교,본교,사립,0.3648,0.0888
2020,세한대학교,본교,사립,0.7405,0.0457
2020,송원대학교,본교,사립,0.795,0.0983
2020,수원가톨릭대학교,본교,사립,0.0909,0.0
2020,수원대학교,본교,사립,0.2348,0.1136
2020,숙명여자대학교,본교,사립,0.5635,0.2498
2020,순복음총회신학교,본교,사립,0.0,0.0
2020,순천향대학교,본교,사립,0.2805,0.3787
2020,숭실대학교,본교,사립,0.7728,0.4161
2020,숭실사이버대학교,본교,사립,0.749,0.0
2020,신경대학교,본교,사립,0.4976,0.0793
2020,신라대학교,본교,사립,0.478,0.1233
2020,신한대학교,본교,사립,0.7595,0.0925
2020,아신대학교,본교,사립,0.3241,0.0185
2020,아주대학교,본교,사립,0.236,0.5963
2020,안양대학교,본교,사립,0.6469,0.2329
2020,연세대학교,본교,사립,0.3161,0.9368
2020,영남대학교,본교,사립,0.4208,0.6743
2020,영남신학대학교,본교,사립,0.4643,0.0357
2020,영산대학교,본교,사립,0.5867,0.1161
2020,영산선학대학교,본교,사립,0.4091,0.0
2020,예수대학교,본교,사립,0.1018,0.0292
2020,예원예술대학교,본교,사립,0.2755,0.0091
2020,용인대학교,본교,사립,0.5835,0.051
2020,우석대학교,본교,사립,0.5249,0.1002
2020,우송대학교,본교,사립,0.1804,0.2777
2020,울산대학교,본교,사립,0.1773,0.6716
2020,원광대학교,본교,사립,0.4569,0.2126
2020,원광디지털대학교,본교,사립,0.8355,0.0
2020,위덕대학교,본교,사립,0.289,0.0592
2020,유원대학교,본교,사립,0.3349,0.022
2020,을지대학교,본교,사립,0.0571,0.2918
2020,이화여자대학교,본교,사립,0.5664,0.4921
2020,인제대학교,본교,사립,0.1779,0.3489
2020,인천가톨릭대학교,본교,사립,0.1429,0.0
2020,인하대학교,본교,사립,0.416,0.5959
2020,장로회신학대학교,본교,사립,0.85,0.0625
2020,전주대학교,본교,사립,0.6855,0.1361
2020,제주국제대학교,본교,사립,0.2081,0.0081
2020,조선대학교,본교,사립,0.6265,0.3629
2020,중부대학교,본교,사립,0.4833,0.0716
2020,중앙대학교,본교,사립,0.5801,0.7118
2020,중앙승가대학교,본교,사립,1.9306,0.0
2020,중원대학교,본교,사립,0.8221,0.2429
2020,차의과학대학교,본교,사립,0.0947,0.3888
2020,창신대학교,본교,사립,1.1192,0.1069
2020,청운대학교,본교,사립,0.3431,0.0698
2020,청주대학교,본교,사립,0.6697,0.1561
2020,초당대학교,본교,사립,0.5432,0.042
2020,총신대학교,본교,사립,1.1214,0.0
2020,추계예술대학교,본교,사립,0.0417,0.0
2020,칼빈대학교,본교,사립,0.2222,0.0
2020,평택대학교,본교,사립,0.4924,0.0447
2020,포항공과대학교,본교,사립,0.0605,1.2116
2020,한국국제대학교,본교,사립,0.2068,0.002
2020,한국기술교육대학교,본교,사립,0.5249,0.3465
2020,한국산업기술대학교,본교,사립,0.1786,0.1792
2020,한국성서대학교,본교,사립,0.4467,0.0526
2020,한국열린사이버대학교,본교,사립,0.2298,0.0
2020,한국외국어대학교,본교,사립,0.7644,0.2261
2020,한국침례신학대학교,본교,사립,0.5923,0.0192
2020,한국항공대학교,본교,사립,0.3787,0.3355
2020,한남대학교,본교,사립,0.5212,0.1825
2020,한동대학교,본교,사립,0.3225,0.1025
2020,한라대학교,본교,사립,0.4536,0.0783
2020,한려대학교,본교,사립,0.1226,0.0
2020,한림대학교,본교,사립,0.2293,0.5587
2020,한서대학교,본교,사립,0.2277,0.1612
2020,한성대학교,본교,사립,0.6293,0.18
2020,한세대학교,본교,사립,0.8227,0.0262
2020,한신대학교,본교,사립,0.4888,0.0618
2020,한양대학교,본교,사립,0.3886,0.7823
2020,한양사이버대학교,본교,사립,1.1034,0.1473
2020,한일장신대학교,본교,사립,0.3049,0.0114
2020,협성대학교,본교,사립,0.3496,0.0329
2020,호남대학교,본교,사립,0.5223,0.0638
2020,호남신학대학교,본교,사립,0.4847,0.0
2020,호서대학교,본교,사립,0.4781,0.0928
2020,호원대학교,본교,사립,0.3782,0.0196
2020,홍익대학교,본교,사립,0.5512,0.2576
2020,화신사이버대학교,본교,사립,0.3,0.0
2021,가야대학교(김해),본교,사립,0.5249,0.0704
2021,가천대학교,본교,사립,0.3965,0.7818
2021,가톨릭관동대학교,본교,사립,0.5287,0.1812
2021,가톨릭꽃동네대학교,본교,사립,0.7775,0.0862
2021,가톨릭대학교,본교,사립,0.6175,0.2872
2021,감리교신학대학교,본교,사립,0.5385,0.0385
2021,강남대학교,본교,사립,0.493,0.0671
2021,강서대학교,본교,사립,0.6632,0.0968
2021,건국대학교,본교,사립,0.5506,0.7358
2021,건양대학교,본교,사립,0.9879,0.0789
2021,건양사이버대학교,본교,사립,0.7544,0.0235
2021,경기대학교,본교,사립,0.6274,0.3056
2021,경남대학교,본교,사립,0.6552,0.1136
2021,경동대학교,본교,사립,0.2126,0.0644
2021,경성대학교,본교,사립,0.4242,0.0866
2021,경운대학교,본교,사립,0.3751,0.0105
2021,경일대학교,본교,사립,0.4345,0.0993
2021,경주대학교,본교,사립,0.2531,0.0052
2021,경희대학교,본교,사립,0.4667,0.7485
2021,경희사이버대학교,본교,사립,0.5538,0.0096
2021,계명대학교,본교,사립,0.5475,0.3253
2021,고려대학교,본교,사립,0.3499,0.8818
2021,고려사이버대학교,본교,사립,0.2487,0.1068
2021,고신대학교,본교,사립,0.3355,0.2314
2021,광신대학교,본교,사립,0.345,0.0
2021,광운대학교,본교,사립,0.4629,0.4137
2021,광주가톨릭대학교,본교,사립,0.1667,0.0
2021,광주대학교,본교,사립,0.5535,0.0405
2021,광주여자대학교,본교,사립,1.055,0.0594
2021,국민대학교,본교,사립,0.6749,0.274
2021,국제사이버대학교,본교,사립,0.7805,0.0118
2021,극동대학교,본교,사립,0.5827,0.0931
2021,글로벌사이버대학교,본교,사립,0.1447,0.0175
2021,금강대학교,본교,사립,0.25,0.0167
2021,김천대학교,본교,사립,0.4471,0.0653
2021,나사렛대학교,본교,사립,0.4912,0.0385
2021,남부대학교,본교,사립,0.5149,0.1471
2021,남서울대학교,본교,사립,0.7729,0.1476
2021,단국대학교,본교,사립,1.1101,0.2332
2021,대구가톨릭대학교,본교,사립,0.361,0.2568
2021,대구대학교,본교,사립,0.594,0.2008
2021,대구사이버대학교,본교,사립,0.5208,0.0
2021,대구예술대학교,본교,사립,0.1935,0.0
2021,대구한의대학교,본교,사립,0.4046,0.1293
2021,대신대학교,본교,사립,0.25,0.0
2021,대전가톨릭대학교,본교,사립,0.0,0.0
2021,대전대학교,본교,사립,0.4834,0.1599
2021,대전신학대학교,본교,사립,0.25,0.0
2021,대진대학교,본교,사립,0.6443,0.1514
2021,덕성여자대학교,본교,사립,0.7272,0.2437
2021,동국대학교,본교,사립,0.6016,0.6659
2021,동덕여자대학교,본교,사립,0.6072,0.1191
2021,동명대학교,본교,사립,0.6003,0.1365
2021,동서대학교,본교,사립,0.4533,0.1092
2021,동신대학교,본교,사립,0.4606,0.0982
2021,동아대학교,본교,사립,0.52,0.2439
2021,동양대학교,본교,사립,0.5296,0.0981
2021,동의대학교,본교,사립,0.5412,0.1452
2021,디지털서울문화예술대학교,본교,사립,0.175,0.0
2021,루터대학교,본교,사립,0.6853,0.0
2021,명지대학교,본교,사립,0.1801,0.3073
2021,목원대학교,본교,사립,0.433,0.0399
2021,목포가톨릭대학교,본교,사립,0.4789,0.0
2021,배재대학교,본교,사립,0.4228,0.1239
2021,백석대학교,본교,사립,0.3272,0.028
2021,부산가톨릭대학교,본교,사립,0.8139,0.2068
2021,부산디지털대학교,본교,사립,0.3368,0.0401
2021,부산외국어대학교,본교,사립,0.6269,0.037
2021,부산장신대학교,본교,사립,0.7588,0.0
2021,사이버한국외국어대학교,본교,사립,0.4089,0.0884
2021,삼육대학교,본교,사립,0.7507,0.2034
2021,상명대학교,본교,사립,0.8452,0.3306
2021,상지대학교,본교,사립,0.4152,0.1004
2021,서강대학교,본교,사립,0.5192,0.404
2021,서경대학교,본교,사립,0.443,0.0619
2021,서울기독대학교,본교,사립,0.2793,0.0
2021,서울디지털대학교,본교,사립,0.515,0.0196
2021,서울사이버대학교,본교,사립,0.6217,0.0317
2021,서울신학대학교,본교,사립,0.5922,0.0285
2021,서울여자대학교,본교,사립,0.5331,0.1957
2021,서울장신대학교,본교,사립,0.5033,0.0018
2021,서울한영대학교,본교,사립,0.4667,0.0
2021,서원대학교,본교,사립,1.0223,0.0797
2021,선문대학교,본교,사립,0.553,0.2254
2021,성결대학교,본교,사립,0.9268,0.0651
2021,성공회대학교,본교,사립,0.2527,0.0278
2021,성균관대학교,본교,사립,0.2968,1.0901
2021,성신여자대학교,본교,사립,0.6292,0.1707
2021,세명대학교,본교,사립,0.6434,0.2021
2021,세종대학교,본교,사립,0.2763,0.8639
2021,세종사이버대학교,본교,사립,0.2871,0.0642
2021,세한대학교,본교,사립,0.8004,0.1051
2021,송원대학교,본교,사립,0.8165,0.0678
2021,수원가톨릭대학교,본교,사립,0.1111,0.0
2021,수원대학교,본교,사립,0.1785,0.1205
2021,숙명여자대학교,본교,사립,0.6157,0.2719
2021,순복음총회신학교,본교,사립,0.0,0.0
2021,순천향대학교,본교,사립,0.2315,0.4042
2021,숭실대학교,본교,사립,0.7609,0.4738
2021,숭실사이버대학교,본교,사립,0.5346,0.0
2021,신라대학교,본교,사립,0.4466,0.1083
2021,신한대학교,본교,사립,0.6445,0.0817
2021,아신대학교,본교,사립,0.4306,0.0
2021,아주대학교,본교,사립,0.2407,0.6874
2021,안양대학교,본교,사립,0.6494,0.1639
2021,연세대학교,본교,사립,0.3126,0.9617
2021,영남대학교,본교,사립,0.3305,0.763
2021,영남신학대학교,본교,사립,0.5,0.0385
2021,영산대학교,본교,사립,0.5418,0.1276
2021,영산선학대학교,본교,사립,0.1818,0.0
2021,예수대학교,본교,사립,0.3463,0.1245
2021,예원예술대학교,본교,사립,0.3915,0.0031
2021,용인대학교,본교,사립,0.4364,0.0534
2021,우석대학교,본교,사립,0.4415,0.0863
2021,우송대학교,본교,사립,0.1964,0.3669
2021,울산대학교,본교,사립,0.1725,0.7481
2021,원광대학교,본교,사립,0.4648,0.2501
2021,원광디지털대학교,본교,사립,0.3981,0.0046
2021,위덕대학교,본교,사립,0.4734,0.0254
2021,유원대학교,본교,사립,0.1814,0.0304
2021,을지대학교,본교,사립,0.0429,0.262
2021,이화여자대학교,본교,사립,0.5518,0.5117
2021,인제대학교,본교,사립,0.1915,0.4079
2021,인천가톨릭대학교,본교,사립,0.1053,0.0
2021,인하대학교,본교,사립,0.4128,0.5629
2021,장로회신학대학교,본교,사립,0.9206,0.0893
2021,전주대학교,본교,사립,0.6835,0.2015
2021,제주국제대학교,본교,사립,0.2566,0.0321
2021,조선대학교,본교,사립,0.6822,0.3815
2021,중부대학교,본교,사립,0.5442,0.16
2021,중앙대학교,본교,사립,0.5493,0.8268
2021,중앙승가대학교,본교,사립,1.3802,0.0
2021,중원대학교,본교,사립,0.904,0.2008
2021,차의과학대학교,본교,사립,0.1117,0.4387
2021,창신대학교,본교,사립,1.2902,0.2462
2021,청운대학교,본교,사립,0.4671,0.0951
2021,청주대학교,본교,사립,0.5262,0.1636
2021,초당대학교,본교,사립,0.5232,0.0342
2021,총신대학교,본교,사립,1.0457,0.0201
2021,추계예술대학교,본교,사립,0.0744,0.0
2021,칼빈대학교,본교,사립,0.1515,0.0
2021,평택대학교,본교,사립,0.546,0.0521
2021,포항공과대학교,본교,사립,0.0683,1.2447
2021,한국공학대학교,본교,사립,0.1649,0.147
2021,한국국제대학교,본교,사립,0.2692,0.0107
2021,한국기술교육대학교,본교,사립,0.5585,0.3732
2021,한국성서대학교,본교,사립,0.6189,0.058
2021,한국열린사이버대학교,본교,사립,0.3917,0.0
2021,한국외국어대학교,본교,사립,0.736,0.2522
2021,한국침례신학대학교,본교,사립,0.4706,0.0
2021,한국항공대학교,본교,사립,0.3246,0.374
2021,한남대학교,본교,사립,0.478,0.154
2021,한동대학교,본교,사립,0.3371,0.1424
2021,한라대학교,본교,사립,0.6042,0.0619
2021,한림대학교,본교,사립,0.2568,0.5193
2021,한서대학교,본교,사립,0.2305,0.2314
2021,한성대학교,본교,사립,0.6717,0.108
2021,한세대학교,본교,사립,0.988,0.0321
2021,한신대학교,본교,사립,0.5553,0.0648
2021,한양대학교,본교,사립,0.3491,0.7981
2021,한양사이버대학교,본교,사립,0.7856,0.1749
2021,한일장신대학교,본교,사립,0.1964,0.0
2021,협성대학교,본교,사립,0.4319,0.0247
2021,호남대학교,본교,사립,0.6157,0.0951
2021,호남신학대학교,본교,사립,0.4189,0.0
2021,호서대학교,본교,사립,0.6507,0.111
2021,호원대학교,본교,사립,0.4335,0.0213
2021,홍익대학교,본교,사립,0.5709,0.2917
2021,화성의과학대학교,본교,사립,0.2746,0.0536
2021,화신사이버대학교,본교,사립,0.4204,0.0
2022,가야대학교(김해),본교,사립,0.6282,0.0255
2022,가천대학교,본교,사립,0.3575,0.8311
2022,가톨릭관동대학교,본교,사립,0.4357,0.1571
2022,가톨릭꽃동네대학교,본교,사립,0.4999,0.0464
2022,가톨릭대학교,본교,사립,0.7311,0.2566
2022,감리교신학대학교,본교,사립,0.2308,0.0
2022,강남대학교,본교,사립,0.4836,0.078
2022,강서대학교,본교,사립,0.5261,0.1235
2022,건국대학교,본교,사립,0.4616,0.6576
2022,건양대학교,본교,사립,0.7269,0.1187
2022,건양사이버대학교,본교,사립,1.3606,0.0
2022,경기대학교,본교,사립,0.6752,0.3263
2022,경남대학교,본교,사립,0.6408,0.1622
2022,경동대학교,본교,사립,0.2457,0.0741
2022,경성대학교,본교,사립,0.3721,0.0869
2022,경운대학교,본교,사립,0.3682,0.0072
2022,경일대학교,본교,사립,0.3744,0.0927
2022,경주대학교,본교,사립,0.1589,0.0
2022,경희대학교,본교,사립,0.4392,0.7203
2022,경희사이버대학교,본교,사립,0.621,0.0155
2022,계명대학교,본교,사립,0.5378,0.3086
2022,고려대학교,본교,사립,0.3246,0.838
2022,고려사이버대학교,본교,사립,0.2456,0.2278
2022,고신대학교,본교,사립,0.3177,0.2105
2022,광신대학교,본교,사립,0.392,0.0257
2022,광운대학교,본교,사립,0.5627,0.4749
2022,광주가톨릭대학교,본교,사립,0.125,0.0
2022,광주대학교,본교,사립,0.7212,0.0587
2022,광주여자대학교,본교,사립,1.1395,0.1287
2022,국민대학교,본교,사립,0.7026,0.3252
2022,국제사이버대학교,본교,사립,0.5858,0.0
2022,극동대학교,본교,사립,0.3709,0.102
2022,글로벌사이버대학교,본교,사립,0.0502,0.0294
2022,금강대학교,본교,사립,0.3167,0.0
2022,김천대학교,본교,사립,0.42,0.0643
2022,나사렛대학교,본교,사립,0.5264,0.0346
2022,남부대학교,본교,사립,0.5734,0.1082
2022,남서울대학교,본교,사립,0.8076,0.1382
2022,단국대학교,본교,사립,0.9334,0.268
2022,대구가톨릭대학교,본교,사립,0.3389,0.2786
2022,대구대학교,본교,사립,0.5388,0.1691
2022,대구사이버대학교,본교,사립,0.3859,0.0
2022,대구예술대학교,본교,사립,0.1207,0.0
2022,대구한의대학교,본교,사립,0.3175,0.0968
2022,대신대학교,본교,사립,0.4107,0.0
2022,대전가톨릭대학교,본교,사립,0.0,0.0
2022,대전대학교,본교,사립,0.5345,0.152
2022,대전신학대학교,본교,사립,0.375,0.0
2022,대진대학교,본교,사립,0.6766,0.1102
2022,덕성여자대학교,본교,사립,0.7253,0.1659
2022,동국대학교,본교,사립,0.6111,0.6882
2022,동덕여자대학교,본교,사립,0.6053,0.1164
2022,동명대학교,본교,사립,0.6291,0.127
2022,동서대학교,본교,사립,0.5307,0.0888
2022,동신대학교,본교,사립,0.4368,0.1065
2022,동아대학교,본교,사립,0.4678,0.2446
2022,동양대학교,본교,사립,0.6484,0.1007
2022,동의대학교,본교,사립,0.5201,0.1261
2022,디지털서울문화예술대학교,본교,사립,0.0167,0.0
2022,루터대학교,본교,사립,1.1125,0.0
2022,명지대학교,본교,사립,0.165,0.2722
2022,목원대학교,본교,사립,0.5503,0.0628
2022,목포가톨릭대학교,본교,사립,0.3472,0.0401
2022,배재대학교,본교,사립,0.5413,0.0836
2022,백석대학교,본교,사립,0.3504,0.0273
2022,부산가톨릭대학교,본교,사립,0.5993,0.1564
2022,부산디지털대학교,본교,사립,0.3561,0.0105
2022,부산외국어대학교,본교,사립,0.6392,0.0235
2022,부산장신대학교,본교,사립,0.6908,0.0
2022,사이버한국외국어대학교,본교,사립,0.7777,0.0892
2022,삼육대학교,본교,사립,0.6608,0.2765
2022,상명대학교,본교,사립,0.6507,0.3531
2022,상지대학교,본교,사립,0.3818,0.1201
2022,서강대학교,본교,사립,0.5057,0.3637
2022,서경대학교,본교,사립,0.4867,0.0535
2022,서울기독대학교,본교,사립,0.3426,0.0
2022,서울디지털대학교,본교,사립,0.5098,0.0
2022,서울사이버대학교,본교,사립,0.6264,0.0681
2022,서울신학대학교,본교,사립,0.7263,0.0239
2022,서울여자대학교,본교,사립,0.5501,0.1841
2022,서울장신대학교,본교,사립,0.6971,0.0
2022,서울한영대학교,본교,사립,0.5288,0.0273
2022,서원대학교,본교,사립,0.9657,0.0898
2022,선문대학교,본교,사립,0.6453,0.2182
2022,성결대학교,본교,사립,0.7726,0.0436
2022,성공회대학교,본교,사립,0.3347,0.056
2022,성균관대학교,본교,사립,0.2912,1.0138
2022,성신여자대학교,본교,사립,0.5559,0.1594
2022,세명대학교,본교,사립,0.6656,0.1441
2022,세종대학교,본교,사립,0.2882,0.8425
2022,세종사이버대학교,본교,사립,0.5089,0.0867
2022,세한대학교,본교,사립,0.7369,0.1424
2022,송원대학교,본교,사립,0.9681,0.0351
2022,수원가톨릭대학교,본교,사립,0.2,0.0
2022,수원대학교,본교,사립,0.1958,0.1054
2022,숙명여자대학교,본교,사립,0.5958,0.2435
2022,순복음총회신학교,본교,사립,0.0,0.0
2022,순천향대학교,본교,사립,0.2249,0.4189
2022,숭실대학교,본교,사립,0.7157,0.4736
2022,숭실사이버대학교,본교,사립,0.5189,0.0043
2022,신라대학교,본교,사립,0.5684,0.0993
2022,신한대학교,본교,사립,0.8849,0.1235
2022,아신대학교,본교,사립,0.5547,0.0
2022,아주대학교,본교,사립,0.2411,0.6727
2022,안양대학교,본교,사립,0.6243,0.1524
2022,연세대학교,본교,사립,0.3191,0.9468
2022,영남대학교,본교,사립,0.34,0.8747
2022,영남신학대학교,본교,사립,0.3056,0.0
2022,영산대학교,본교,사립,0.5044,0.1449
2022,영산선학대학교,본교,사립,0.3636,0.0
2022,예수대학교,본교,사립,0.4588,0.0921
2022,예원예술대학교,본교,사립,0.234,0.0
2022,용인대학교,본교,사립,0.5308,0.0752
2022,우석대학교,본교,사립,0.448,0.1373
2022,우송대학교,본교,사립,0.1547,0.2395
2022,울산대학교,본교,사립,0.1822,0.6311
2022,원광대학교,본교,사립,0.4309,0.2198
2022,원광디지털대학교,본교,사립,0.4971,0.0086
2022,위덕대학교,본교,사립,0.4361,0.0394
2022,유원대학교,본교,사립,0.258,0.0116
2022,을지대학교,본교,사립,0.0483,0.2396
2022,이화여자대학교,본교,사립,0.5098,0.4959
2022,인제대학교,본교,사립,0.2906,0.2631
2022,인천가톨릭대학교,본교,사립,0.1053,0.0
2022,인하대학교,본교,사립,0.4134,0.5655
2022,장로회신학대학교,본교,사립,1.0275,0.0906
2022,전주대학교,본교,사립,0.6799,0.1755
2022,제주국제대학교,본교,사립,0.121,0.0
2022,조선대학교,본교,사립,0.6836,0.3775
2022,중부대학교,본교,사립,0.6773,0.1633
2022,중앙대학교,본교,사립,0.5244,0.7314
2022,중앙승가대학교,본교,사립,1.346,0.0
2022,중원대학교,본교,사립,0.714,0.0843
2022,차의과학대학교,본교,사립,0.0786,0.3399
2022,창신대학교,본교,사립,1.0483,0.1934
2022,청운대학교,본교,사립,0.558,0.0867
2022,청주대학교,본교,사립,0.5174,0.1657
2022,초당대학교,본교,사립,0.438,0.0457
2022,총신대학교,본교,사립,0.9949,0.0033
2022,추계예술대학교,본교,사립,0.0604,0.0038
2022,칼빈대학교,본교,사립,0.2096,0.0106
2022,평택대학교,본교,사립,0.6705,0.0183
2022,포항공과대학교,본교,사립,0.0675,1.0862
2022,한국공학대학교,본교,사립,0.1567,0.1442
2022,한국기술교육대학교,본교,사립,0.5963,0.4723
2022,한국성서대학교,본교,사립,0.7568,0.0661
2022,한국열린사이버대학교,본교,사립,0.186,0.01
2022,한국외국어대학교,본교,사립,0.734,0.2324
2022,한국침례신학대학교,본교,사립,0.4065,0.0
2022,한국항공대학교,본교,사립,0.2777,0.3458
2022,한남대학교,본교,사립,0.5151,0.1381
2022,한동대학교,본교,사립,0.3286,0.2116
2022,한라대학교,본교,사립,0.7001,0.0808
2022,한림대학교,본교,사립,0.1931,0.5146
2022,한서대학교,본교,사립,0.2695,0.1364
2022,한성대학교,본교,사립,0.5681,0.1395
2022,한세대학교,본교,사립,0.8205,0.0349
2022,한신대학교,본교,사립,0.6206,0.0556
2022,한양대학교,본교,사립,0.3409,0.7927
2022,한양사이버대학교,본교,사립,0.7177,0.1308
2022,한일장신대학교,본교,사립,0.3858,0.0
2022,협성대학교,본교,사립,0.3992,0.0182
2022,호남대학교,본교,사립,0.6601,0.094
2022,호남신학대학교,본교,사립,0.388,0.0
2022,호서대학교,본교,사립,0.5652,0.0834
2022,호원대학교,본교,사립,0.3564,0.0153
2022,홍익대학교,본교,사립,0.5953,0.2937
2022,화성의과학대학교,본교,사립,0.3487,0.1594
2022,화신사이버대학교,본교,사립,0.4167,0.0
2023,가야대학교(김해),본교,사립,0.6044,0.0184
2023,가천대학교,본교,사립,0.3096,0.7838
2023,가톨릭관동대학교,본교,사립,0.3962,0.1665
2023,가톨릭꽃동네대학교,본교,사립,0.6757,0.0983
2023,가톨릭대학교,본교,사립,0.6803,0.3355
2023,감리교신학대학교,본교,사립,0.36,0.0
2023,강남대학교,본교,사립,0.6085,0.0706
2023,강서대학교,본교,사립,0.4311,0.0769
2023,건국대학교,본교,사립,0.4754,0.5737
2023,건양대학교,본교,사립,0.7811,0.0316
2023,건양사이버대학교,본교,사립,0.95,0.1569
2023,경기대학교,본교,사립,0.67,0.3327
2023,경남대학교,본교,사립,0.5854,0.0802
2023,경동대학교,본교,사립,0.1017,0.0513
2023,경성대학교,본교,사립,0.3914,0.0925
2023,경운대학교,본교,사립,0.453,0.0081
2023,경일대학교,본교,사립,0.4317,0.1036
2023,경희대학교,본교,사립,0.4117,0.6606
2023,경희사이버대학교,본교,사립,0.3125,0.0263
2023,계명대학교,본교,사립,0.5813,0.303
2023,고려대학교,본교,사립,0.3101,0.8036
2023,고려사이버대학교,본교,사립,0.3007,0.144
2023,고신대학교,본교,사립,0.2822,0.1284
2023,광신대학교,본교,사립,0.61,0.015
2023,광운대학교,본교,사립,0.516,0.5131
2023,광주가톨릭대학교,본교,사립,0.0625,0.0
2023,광주대학교,본교,사립,0.7975,0.0607
2023,광주여자대학교,본교,사립,0.9739,0.0636
2023,국민대학교,본교,사립,0.721,0.3273
2023,국제사이버대학교,본교,사립,0.8074,0.0
2023,극동대학교,본교,사립,0.6023,0.1048
2023,글로벌사이버대학교,본교,사립,0.0098,0.0
2023,금강대학교,본교,사립,0.6042,0.0
2023,김천대학교,본교,사립,0.4263,0.0957
2023,나사렛대학교,본교,사립,0.4841,0.0229
2023,남부대학교,본교,사립,0.5854,0.088
2023,남서울대학교,본교,사립,0.6481,0.1031
2023,단국대학교,본교,사립,0.8878,0.2588
2023,대구가톨릭대학교,본교,사립,0.3709,0.2079
2023,대구대학교,본교,사립,0.5121,0.1876
2023,대구사이버대학교,본교,사립,0.4939,0.0083
2023,대구예술대학교,본교,사립,0.1739,0.0
2023,대구한의대학교,본교,사립,0.3274,0.1008
2023,대신대학교,본교,사립,0.6157,0.0
2023,대전가톨릭대학교,본교,사립,0.0,0.0
2023,대전대학교,본교,사립,0.4911,0.1229
2023,대전신학대학교,본교,사립,0.25,0.0
2023,대진대학교,본교,사립,0.609,0.1348
2023,덕성여자대학교,본교,사립,0.6863,0.1866
2023,동국대학교,본교,사립,0.6327,0.6761
2023,동덕여자대학교,본교,사립,0.4795,0.1367
2023,동명대학교,본교,사립,0.5012,0.0792
2023,동서대학교,본교,사립,0.4527,0.134
2023,동신대학교,본교,사립,0.3835,0.0817
2023,동아대학교,본교,사립,0.4408,0.226
2023,동양대학교,본교,사립,0.6173,0.102
2023,동의대학교,본교,사립,0.5181,0.1268
2023,디지털서울문화예술대학교,본교,사립,0.1688,0.0
2023,루터대학교,본교,사립,0.7542,0.0
2023,명지대학교,본교,사립,0.1382,0.2923
2023,목원대학교,본교,사립,0.7901,0.0678
2023,목포가톨릭대학교,본교,사립,0.305,0.0
2023,배재대학교,본교,사립,0.6038,0.0655
2023,백석대학교,본교,사립,0.3711,0.0217
2023,부산가톨릭대학교,본교,사립,0.7349,0.1147
2023,부산디지털대학교,본교,사립,0.5763,0.0
2023,부산외국어대학교,본교,사립,0.7643,0.0248
2023,부산장신대학교,본교,사립,0.4779,0.0
2023,사이버한국외국어대학교,본교,사립,0.5732,0.0182
2023,삼육대학교,본교,사립,0.6293,0.2763
2023,상명대학교,본교,사립,0.6929,0.3151
2023,상지대학교,본교,사립,0.5061,0.1338
2023,서강대학교,본교,사립,0.5216,0.4092
2023,서경대학교,본교,사립,0.5275,0.0534
2023,서울기독대학교,본교,사립,0.2899,0.007
2023,서울디지털대학교,본교,사립,0.725,0.0087
2023,서울사이버대학교,본교,사립,0.6591,0.0504
2023,서울신학대학교,본교,사립,0.6083,0.0194
2023,서울여자대학교,본교,사립,0.5426,0.1651
2023,서울장신대학교,본교,사립,0.6034,0.0138
2023,서울한영대학교,본교,사립,0.5776,0.0
2023,서원대학교,본교,사립,1.1715,0.0825
2023,선문대학교,본교,사립,0.5338,0.1807
2023,성결대학교,본교,사립,1.1272,0.0385
2023,성공회대학교,본교,사립,0.2886,0.0277
2023,성균관대학교,본교,사립,0.2751,1.0407
2023,성신여자대학교,본교,사립,0.5633,0.2099
2023,세명대학교,본교,사립,0.4893,0.1398
2023,세종대학교,본교,사립,0.2436,0.8825
2023,세종사이버대학교,본교,사립,0.3792,0.0465
2023,세한대학교,본교,사립,0.5819,0.0957
2023,송원대학교,본교,사립,0.9252,0.0545
2023,수원가톨릭대학교,본교,사립,0.0,0.0
2023,수원대학교,본교,사립,0.2379,0.109
2023,숙명여자대학교,본교,사립,0.599,0.2506
2023,순복음총회신학교,본교,사립,0.0,0.0
2023,순천향대학교,본교,사립,0.2426,0.3972
2023,숭실대학교,본교,사립,0.7791,0.4559
2023,숭실사이버대학교,본교,사립,0.5833,0.0188
2023,신경주대학교,본교,사립,0.1188,0.0
2023,신라대학교,본교,사립,0.5128,0.1021
2023,신한대학교,본교,사립,0.8445,0.0303
2023,아신대학교,본교,사립,0.7378,0.0244
2023,아주대학교,본교,사립,0.2466,0.6518
2023,안양대학교,본교,사립,0.6964,0.066
2023,연세대학교,본교,사립,0.2853,0.8594
2023,영남대학교,본교,사립,0.3213,0.9873
2023,영남신학대학교,본교,사립,0.5278,0.0185
2023,영산대학교(해운대),본교,사립,0.3889,0.0628
2023,영산선학대학교,본교,사립,0.0,0.0
2023,예수대학교,본교,사립,0.26,0.0367
2023,예원예술대학교,본교,사립,0.1779,0.0
2023,용인대학교,본교,사립,0.5903,0.041
2023,우석대학교,본교,사립,0.4986,0.1163
2023,우송대학교,본교,사립,0.1923,0.2123
2023,울산대학교,본교,사립,0.1829,0.5553
2023,원광대학교,본교,사립,0.406,0.2033
2023,원광디지털대학교,본교,사립,0.5934,0.0055
2023,위덕대학교,본교,사립,0.3253,0.0416
2023,유원대학교,본교,사립,0.2119,0.0014
2023,을지대학교,본교,사립,0.0386,0.288
2023,이화여자대학교,본교,사립,0.5144,0.4889
2023,인제대학교,본교,사립,0.1641,0.3647
2023,인천가톨릭대학교,본교,사립,0.0526,0.0
2023,인하대학교,본교,사립,0.3732,0.4992
2023,장로회신학대학교,본교,사립,1.0095,0.0633
2023,전주대학교,본교,사립,0.6892,0.1975
2023,제주국제대학교,본교,사립,0.1446,0.0362
2023,조선대학교,본교,사립,0.615,0.3828
2023,중부대학교,본교,사립,0.6852,0.1319
2023,중앙대학교,본교,사립,0.4231,0.6809
2023,중앙승가대학교,본교,사립,0.7701,0.0
2023,중원대학교,본교,사립,0.7419,0.1095
2023,차의과학대학교,본교,사립,0.0912,0.2704
2023,창신대학교,본교,사립,1.1276,0.1385
2023,청운대학교,본교,사립,0.5052,0.0689
2023,청주대학교,본교,사립,0.5096,0.1349
2023,초당대학교,본교,사립,0.6402,0.042
2023,총신대학교,본교,사립,1.1352,0.0125
2023,추계예술대학교,본교,사립,0.0765,0.0
2023,칼빈대학교,본교,사립,0.3448,0.0
2023,태재대학교,본교,사립,0.0417,0.1528
2023,평택대학교,본교,사립,0.6095,0.0528
2023,포항공과대학교,본교,사립,0.0544,1.1247
2023,한국공학대학교,본교,사립,0.1344,0.1983
2023,한국기술교육대학교,본교,사립,0.6863,0.3509
2023,한국성서대학교,본교,사립,0.872,0.0611
2023,한국열린사이버대학교,본교,사립,0.1319,0.0
2023,한국외국어대학교,본교,사립,0.6866,0.2227
2023,한국침례신학대학교,본교,사립,0.4725,0.0277
2023,한국항공대학교,본교,사립,0.3203,0.3489
2023,한남대학교,본교,사립,0.5615,0.154
2023,한동대학교,본교,사립,0.3765,0.1907
2023,한라대학교,본교,사립,0.7075,0.0658
2023,한림대학교,본교,사립,0.2177,0.4144
2023,한서대학교,본교,사립,0.2943,0.148
2023,한성대학교,본교,사립,0.5757,0.0811
2023,한세대학교,본교,사립,0.8257,0.0152
2023,한신대학교,본교,사립,0.62,0.0312
2023,한양대학교,본교,사립,0.3522,0.7063
2023,한양사이버대학교,본교,사립,0.9473,0.109
2023,한일장신대학교,본교,사립,0.2295,0.0128
2023,협성대학교,본교,사립,0.4132,0.024
2023,호남대학교,본교,사립,0.5809,0.0925
2023,호남신학대학교,본교,사립,0.3394,0.0303
2023,호서대학교,본교,사립,0.5153,0.1109
2023,호원대학교,본교,사립,0.4276,0.0178
2023,홍익대학교,본교,사립,0.6715,0.2757
2023,화성의과학대학교,본교,사립,0.4715,0.197
2023,화신사이버대학교,본교,사립,0.025,0.0
2024,가야대학교(김해),본교,사립,0.5883,0.0963
2024,가천대학교,본교,사립,0.266,0.8292
2024,가톨릭관동대학교,본교,사립,0.3647,0.1411
2024,가톨릭꽃동네대학교,본교,사립,0.8181,0.0478
2024,가톨릭대학교,본교,사립,0.7013,0.3107
2024,감리교신학대학교,본교,사립,0.7083,0.0
2024,강남대학교,본교,사립,0.6714,0.0683
2024,강서대학교,본교,사립,0.401,0.0888
2024,건국대학교,본교,사립,0.5537,0.6328
2024,건양대학교,본교,사립,0.8166,0.0271
2024,건양사이버대학교,본교,사립,1.2206,0.0
2024,경기대학교,본교,사립,0.6448,0.3362
2024,경남대학교,본교,사립,0.6755,0.1314
2024,경동대학교,본교,사립,0.1034,0.025
2024,경성대학교,본교,사립,0.4262,0.1163
2024,경운대학교,본교,사립,0.5022,0.0185
2024,경일대학교,본교,사립,0.4616,0.0778
2024,경희대학교,본교,사립,0.429,0.7017
2024,경희사이버대학교,본교,사립,0.4867,0.008
2024,계명대학교,본교,사립,0.564,0.335
2024,고려대학교,본교,사립,0.2971,0.8427
2024,고려사이버대학교,본교,사립,0.1559,0.1222
2024,고신대학교,본교,사립,0.2709,0.0571
2024,광신대학교,본교,사립,0.546,0.06
2024,광운대학교,본교,사립,0.547,0.5476
2024,광주가톨릭대학교,본교,사립,0.2667,0.0
2024,광주대학교,본교,사립,0.8701,0.1056
2024,광주여자대학교,본교,사립,1.1591,0.0559
2024,국민대학교,본교,사립,0.7086,0.4114
2024,국제사이버대학교,본교,사립,0.4972,0.0611
2024,극동대학교,본교,사립,0.6665,0.1129
2024,글로벌사이버대학교,본교,사립,0.1261,0.0
2024,금강대학교,본교,사립,0.5577,0.0
2024,김천대학교,본교,사립,0.5039,0.0604
2024,나사렛대학교,본교,사립,0.5743,0.0546
2024,남부대학교,본교,사립,0.6893,0.0642
2024,남서울대학교,본교,사립,0.7576,0.1036
2024,단국대학교,본교,사립,0.9041,0.257
2024,대구가톨릭대학교,본교,사립,0.2814,0.1907
2024,대구대학교,본교,사립,0.5551,0.1896
2024,대구사이버대학교,본교,사립,0.2882,0.0
2024,대구예술대학교,본교,사립,0.1471,0.0
2024,대구한의대학교,본교,사립,0.4166,0.083
2024,대신대학교,본교,사립,0.341,0.0
2024,대전가톨릭대학교,본교,사립,0.2727,0.0
2024,대전대학교,본교,사립,0.4412,0.1637
2024,대전신학대학교,본교,사립,0.5714,0.0
2024,대진대학교,본교,사립,0.5844,0.1857
2024,덕성여자대학교,본교,사립,0.6811,0.2415
2024,동국대학교,본교,사립,0.6299,0.6863
2024,동덕여자대학교,본교,사립,0.5261,0.1456
2024,동명대학교,본교,사립,0.6754,0.1228
2024,동서대학교,본교,사립,0.498,0.155
2024,동신대학교,본교,사립,0.4663,0.1121
2024,동아대학교,본교,사립,0.4282,0.2706
2024,동양대학교,본교,사립,0.6552,0.1885
2024,동의대학교,본교,사립,0.5708,0.1427
2024,디지털서울문화예술대학교,본교,사립,0.1176,0.0
2024,루터대학교,본교,사립,1.0467,0.0
2024,명지대학교,본교,사립,0.1495,0.2716
2024,목원대학교,본교,사립,0.7395,0.0903
2024,목포가톨릭대학교,본교,사립,0.4698,0.0281
2024,배재대학교,본교,사립,0.6103,0.0516
2024,백석대학교,본교,사립,0.4425,0.0415
2024,부산가톨릭대학교,본교,사립,0.7515,0.1577
2024,부산디지털대학교,본교,사립,0.4944,0.0
2024,부산외국어대학교,본교,사립,0.4346,0.0052
2024,부산장신대학교,본교,사립,0.7333,0.0
2024,사이버한국외국어대학교,본교,사립,1.0559,0.0946
2024,삼육대학교,본교,사립,0.7049,0.3774
2024,상명대학교,본교,사립,0.7339,0.3611
2024,상지대학교,본교,사립,0.6026,0.1281
2024,서강대학교,본교,사립,0.522,0.3417
2024,서경대학교,본교,사립,0.5289,0.0826
2024,서울기독대학교,본교,사립,0.423,0.0039
2024,서울디지털대학교,본교,사립,0.6541,0.0051
2024,서울사이버대학교,본교,사립,0.5396,0.0197
2024,서울신학대학교,본교,사립,0.7649,0.0355
2024,서울여자대학교,본교,사립,0.5863,0.1879
2024,서울장신대학교,본교,사립,0.6296,0.0
2024,서울한영대학교,본교,사립,0.7759,0.0815
2024,서원대학교,본교,사립,1.2354,0.1268
2024,선문대학교,본교,사립,0.5595,0.1695
2024,성결대학교,본교,사립,0.9234,0.0479
2024,성공회대학교,본교,사립,0.3683,0.1068
2024,성균관대학교,본교,사립,0.249,1.0883
2024,성신여자대학교,본교,사립,0.5373,0.2309
2024,세명대학교,본교,사립,0.5264,0.15
2024,세종대학교,본교,사립,0.2546,0.8969
2024,세종사이버대학교,본교,사립,0.3021,0.0912
2024,세한대학교,본교,사립,0.7444,0.071
2024,송원대학교,본교,사립,1.0522,0.0602
2024,수원가톨릭대학교,본교,사립,0.2222,0.0
2024,수원대학교,본교,사립,0.203,0.1123
2024,숙명여자대학교,본교,사립,0.5852,0.2943
2024,순복음총회신학교,본교,사립,0.0,0.0
2024,순천향대학교,본교,사립,0.2028,0.4028
2024,숭실대학교,본교,사립,0.7456,0.44
2024,숭실사이버대학교,본교,사립,0.4272,0.0763
2024,신경주대학교,본교,사립,0.1383,0.003
2024,신라대학교,본교,사립,0.5623,0.1021
2024,신한대학교,본교,사립,0.6915,0.0618
2024,아신대학교,본교,사립,0.3958,0.0972
2024,아주대학교,본교,사립,0.2558,0.6156
2024,안양대학교,본교,사립,0.5932,0.1428
2024,연세대학교,본교,사립,0.2579,0.8745
2024,영남대학교,본교,사립,0.3228,1.047
2024,영남신학대학교,본교,사립,0.4063,0.0
2024,영산대학교(해운대),본교,사립,0.4022,0.0649
2024,영산선학대학교,본교,사립,0.0,0.0
2024,예수대학교,본교,사립,0.3927,0.1183
2024,예원예술대학교,본교,사립,0.2548,0.0
2024,용인대학교,본교,사립,0.734,0.1066
2024,우석대학교,본교,사립,0.4907,0.1167
2024,우송대학교,본교,사립,0.1395,0.2085
2024,울산대학교,본교,사립,0.1486,0.562
2024,원광대학교,본교,사립,0.4988,0.1924
2024,원광디지털대학교,본교,사립,0.3077,0.0
2024,위덕대학교,본교,사립,0.3926,0.058
2024,유원대학교,본교,사립,0.2633,0.0158
2024,을지대학교,본교,사립,0.0437,0.1818
2024,이화여자대학교,본교,사립,0.5804,0.4683
2024,인제대학교,본교,사립,0.1973,0.3224
2024,인천가톨릭대학교,본교,사립,0.15,0.0
2024,인하대학교,본교,사립,0.3807,0.5764
2024,장로회신학대학교,본교,사립,0.9776,0.0769
2024,전주대학교,본교,사립,0.6795,0.1958
2024,제주국제대학교,본교,사립,0.147,0.0136
2024,조선대학교,본교,사립,0.6466,0.3558
2024,중부대학교,본교,사립,0.5486,0.0831
2024,중앙대학교,본교,사립,0.4884,0.7523
2024,중원대학교,본교,사립,0.7684,0.157
2024,차의과학대학교,본교,사립,0.0754,0.248
2024,창신대학교,본교,사립,1.199,0.1675
2024,청운대학교,본교,사립,0.6174,0.0912
2024,청주대학교,본교,사립,0.4055,0.1379
2024,초당대학교,본교,사립,0.6349,0.0206
2024,총신대학교,본교,사립,1.0067,0.012
2024,추계예술대학교,본교,사립,0.0195,0.0106
2024,칼빈대학교,본교,사립,0.4819,0.0188
2024,태재대학교,본교,사립,0.05,0.0
2024,평택대학교,본교,사립,0.6644,0.0329
2024,포항공과대학교,본교,사립,0.0432,1.0596
2024,한국공학대학교,본교,사립,0.1372,0.1515
2024,한국기술교육대학교,본교,사립,0.6186,0.4518
2024,한국성서대학교,본교,사립,0.9522,0.0927
2024,한국열린사이버대학교,본교,사립,0.2115,0.0
2024,한국외국어대학교,본교,사립,0.6905,0.2186
2024,한국침례신학대학교,본교,사립,0.5036,0.0545
2024,한국항공대학교,본교,사립,0.447,0.4397
2024,한남대학교,본교,사립,0.6101,0.1573
2024,한동대학교,본교,사립,0.3639,0.1977
2024,한라대학교,본교,사립,0.7523,0.1334
2024,한림대학교,본교,사립,0.2022,0.3911
2024,한서대학교,본교,사립,0.4635,0.1617
2024,한성대학교,본교,사립,0.4472,0.069
2024,한세대학교,본교,사립,1.0273,0.0154
2024,한신대학교,본교,사립,0.6972,0.0756
2024,한양대학교,본교,사립,0.3404,0.7737
2024,한양사이버대학교,본교,사립,0.772,0.1169
2024,한일장신대학교,본교,사립,0.2162,0.0
2024,협성대학교,본교,사립,0.4842,0.0259
2024,호남대학교,본교,사립,0.7198,0.0837
2024,호남신학대학교,본교,사립,0.475,0.0078
2024,호서대학교,본교,사립,0.4423,0.1182
2024,호원대학교,본교,사립,0.4711,0.0379
2024,홍익대학교,본교,사립,0.6081,0.3232
2024,화성의과학대학교,본교,사립,0.2921,0.1433
2024,화신사이버대학교,본교,사립,0.1136,0.0
