기준년도,학교명,본분교명,전임교원 확보율(학생정원 기준),전임교원 확보율(재학생 기준)
2008,가야대학교,본교,14.29,0.0
2008,가천의과학대학교,본교,122.55,0.0
2008,가톨릭대학교,본교,50.27,0.0
2008,감리교신학대학교,본교,47.89,0.0
2008,강남대학교,본교,62.85,0.0
2008,강서대학교,본교,59.09,0.0
2008,건국대학교,본교,61.4,0.0
2008,건동대학교,본교,58.93,0.0
2008,건양대학교,본교,55.29,0.0
2008,경기대학교,본교,55.27,0.0
2008,경남대학교,본교,46.2,0.0
2008,경동대학교,본교,43.59,0.0
2008,경북외국어대학교,본교,87.5,0.0
2008,경성대학교,본교,49.46,0.0
2008,경운대학교,본교,48.79,0.0
2008,경원대학교,본교,65.58,0.0
2008,경일대학교,본교,71.38,0.0
2008,경주대학교,본교,48.15,0.0
2008,경희대학교,본교,74.31,0.0
2008,계명대학교,본교,56.23,0.0
2008,고려대학교,본교,87.14,0.0
2008,고신대학교,본교,76.41,0.0
2008,관동대학교,본교,74.9,0.0
2008,광신대학교,본교,69.64,0.0
2008,광운대학교,본교,59.58,0.0
2008,광주가톨릭대학교,본교,154.55,0.0
2008,광주대학교,본교,80.65,0.0
2008,광주대학교(산업대),본교,0.0,0.0
2008,광주여자대학교,본교,43.0,0.0
2008,국민대학교,본교,59.82,0.0
2008,극동대학교,본교,33.65,0.0
2008,금강대학교,본교,111.11,0.0
2008,꽃동네현도사회복지대학교,본교,70.37,0.0
2008,나사렛대학교,본교,61.45,0.0
2008,남부대학교,본교,42.05,0.0
2008,남서울대학교,본교,45.44,0.0
2008,단국대학교,본교,44.93,0.0
2008,대구가톨릭대학교,본교,42.22,0.0
2008,대구대학교,본교,44.69,0.0
2008,대구예술대학교,본교,34.0,0.0
2008,대구외국어대학교,본교,54.55,0.0
2008,대구한의대학교,본교,45.77,0.0
2008,대불대학교,본교,37.8,0.0
2008,대신대학교,본교,82.93,0.0
2008,대전가톨릭대학교,본교,120.0,0.0
2008,대전대학교,본교,45.36,0.0
2008,대전신학교,본교,55.0,0.0
2008,대진대학교,본교,59.95,0.0
2008,덕성여자대학교,본교,59.85,0.0
2008,동국대학교,본교,63.68,0.0
2008,동덕여자대학교,본교,55.93,0.0
2008,동명대학교,본교,59.12,0.0
2008,동명정보대학교,본교,0.0,0.0
2008,동서대학교,본교,59.57,0.0
2008,동신대학교,본교,62.08,0.0
2008,동아대학교,본교,55.5,0.0
2008,동양대학교,본교,45.92,0.0
2008,동원산업대학교,본교,0.0,0.0
2008,동의대학교,본교,54.47,0.0
2008,루터대학교,본교,65.38,0.0
2008,명신대학교,본교,97.73,0.0
2008,명지대학교,본교,71.71,0.0
2008,목원대학교,본교,51.54,0.0
2008,목포가톨릭대학교,본교,57.69,0.0
2008,배재대학교,본교,60.0,0.0
2008,백석대학교,본교,50.0,0.0
2008,부산가톨릭대학교,본교,48.44,0.0
2008,부산외국어대학교,본교,57.58,0.0
2008,부산장신대학교,본교,73.91,0.0
2008,삼육대학교,본교,64.66,0.0
2008,상명대학교,본교,45.66,0.0
2008,상지대학교,본교,54.97,0.0
2008,서강대학교,본교,62.65,0.0
2008,서경대학교,본교,61.3,0.0
2008,서남대학교,본교,32.35,0.0
2008,서울기독대학교,본교,60.42,0.0
2008,서울신학대학교,본교,47.95,0.0
2008,서울여자대학교,본교,60.57,0.0
2008,서울장신대학교,본교,84.62,0.0
2008,서울한영대학교,본교,89.36,0.0
2008,서원대학교,본교,50.59,0.0
2008,선교청대학교,본교,65.52,0.0
2008,선문대학교,본교,53.02,0.0
2008,성결대학교,본교,48.47,0.0
2008,성공회대학교,본교,61.9,0.0
2008,성균관대학교,본교,59.67,0.0
2008,성신여자대학교,본교,56.08,0.0
2008,세명대학교,본교,49.65,0.0
2008,세종대학교,본교,59.57,0.0
2008,수원가톨릭대학교,본교,83.33,0.0
2008,수원대학교,본교,47.17,0.0
2008,숙명여자대학교,본교,65.53,0.0
2008,순천향대학교,본교,113.33,0.0
2008,숭실대학교,본교,61.46,0.0
2008,신경대학교,본교,140.0,0.0
2008,신라대학교,본교,58.68,0.0
2008,아세아연합신학대학교,본교,48.81,0.0
2008,아주대학교,본교,81.45,0.0
2008,안양대학교,본교,61.66,0.0
2008,연세대학교,본교,97.55,0.0
2008,영남대학교,본교,50.93,0.0
2008,영남신학대학교,본교,59.52,0.0
2008,영동대학교,본교,58.74,0.0
2008,영산대학교,본교,71.28,0.0
2008,영산대학교(산업대),본교,0.0,0.0
2008,영산선학대학교,본교,150.0,0.0
2008,예수대학교,본교,75.0,0.0
2008,예원예술대학교,본교,69.49,0.0
2008,용인대학교,본교,48.4,0.0
2008,우석대학교,본교,57.08,0.0
2008,우송대학교,본교,54.66,0.0
2008,울산대학교,본교,126.19,0.0
2008,원광대학교,본교,62.24,0.0
2008,위덕대학교,본교,59.68,0.0
2008,을지대학교,본교,334.62,0.0
2008,이화여자대학교,본교,79.36,0.0
2008,인제대학교,본교,57.76,0.0
2008,인천가톨릭대학교,본교,104.17,0.0
2008,인하대학교,본교,82.22,0.0
2008,장로회신학대학교,본교,40.16,0.0
2008,전주대학교,본교,61.88,0.0
2008,조선대학교,본교,64.96,0.0
2008,중부대학교,본교,36.09,0.0
2008,중앙대학교,본교,70.5,0.0
2008,중앙승가대학교,본교,76.0,0.0
2008,차의과학대학교,본교,331.25,0.0
2008,청운대학교,본교,43.43,0.0
2008,청주대학교,본교,64.41,0.0
2008,초당대학교,본교,29.73,0.0
2008,총신대학교,본교,52.63,0.0
2008,추계예술대학교,본교,55.42,0.0
2008,침례신학대학교,본교,36.59,0.0
2008,칼빈대학교,본교,70.59,0.0
2008,탐라대학교,본교,40.0,0.0
2008,평택대학교,본교,59.9,0.0
2008,포항공과대학교,본교,124.87,0.0
2008,한국국제대학교,본교,67.65,0.0
2008,한국기술교육대학교,본교,69.52,0.0
2008,한국산업기술대학교,본교,48.67,0.0
2008,한국성서대학교,본교,52.83,0.0
2008,한국외국어대학교,본교,66.38,0.0
2008,한국정보통신대학교,본교,95.52,0.0
2008,한국항공대학교,본교,63.08,0.0
2008,한남대학교,본교,51.62,0.0
2008,한동대학교,본교,68.67,0.0
2008,한라대학교,본교,45.08,0.0
2008,한려대학교(산업대),본교,31.34,0.0
2008,한림대학교,본교,169.7,0.0
2008,한민학교,본교,13.04,0.0
2008,한북대학교,본교,88.89,0.0
2008,한서대학교,본교,60.82,0.0
2008,한성대학교,본교,57.26,0.0
2008,한세대학교,본교,59.76,0.0
2008,한신대학교,본교,56.54,0.0
2008,한양대학교,본교,70.15,0.0
2008,한일장신대학교,본교,48.15,0.0
2008,한중대학교,본교,47.93,0.0
2008,협성대학교,본교,47.46,0.0
2008,호남대학교,본교,60.15,0.0
2008,호남신학대학교,본교,43.55,0.0
2008,호서대학교,본교,59.65,0.0
2008,호원대학교,본교,43.33,0.0
2008,홍익대학교,본교,67.57,0.0
2009,가야대학교,본교,4.76,0.0
2009,가천의과학대학교,본교,121.37,0.0
2009,가톨릭대학교,본교,58.65,0.0
2009,감리교신학대학교,본교,47.89,0.0
2009,강남대학교,본교,65.0,0.0
2009,강서대학교,본교,58.21,0.0
2009,건국대학교,본교,64.36,0.0
2009,건동대학교,본교,41.33,0.0
2009,건양대학교,본교,59.09,0.0
2009,경기대학교,본교,54.62,0.0
2009,경남대학교,본교,47.35,0.0
2009,경동대학교,본교,44.23,0.0
2009,경북외국어대학교,본교,73.08,0.0
2009,경성대학교,본교,51.0,0.0
2009,경운대학교,본교,55.21,0.0
2009,경원대학교,본교,60.09,0.0
2009,경일대학교,본교,63.57,0.0
2009,경주대학교,본교,48.69,0.0
2009,경희대학교,본교,78.43,0.0
2009,계명대학교,본교,56.72,0.0
2009,고려대학교,본교,92.44,0.0
2009,고신대학교,본교,80.33,0.0
2009,관동대학교,본교,78.57,0.0
2009,광신대학교,본교,68.42,0.0
2009,광운대학교,본교,61.21,0.0
2009,광주가톨릭대학교,본교,180.0,0.0
2009,광주대학교,본교,78.93,0.0
2009,광주대학교(산업대),본교,0.0,0.0
2009,광주여자대학교,본교,50.25,0.0
2009,국민대학교,본교,60.34,0.0
2009,국제사이버대학교,본교,0.0,0.0
2009,극동대학교,본교,33.96,0.0
2009,금강대학교,본교,115.79,0.0
2009,꽃동네현도사회복지대학교,본교,77.78,0.0
2009,나사렛대학교,본교,66.8,0.0
2009,남부대학교,본교,48.94,0.0
2009,남서울대학교,본교,51.76,0.0
2009,단국대학교,본교,44.86,0.0
2009,대구가톨릭대학교,본교,43.85,0.0
2009,대구대학교,본교,47.84,0.0
2009,대구사이버대학교,본교,0.0,0.0
2009,대구예술대학교,본교,33.33,0.0
2009,대구외국어대학교,본교,59.09,0.0
2009,대구한의대학교,본교,46.38,0.0
2009,대불대학교,본교,37.46,0.0
2009,대신대학교,본교,94.87,0.0
2009,대전가톨릭대학교,본교,120.0,0.0
2009,대전대학교,본교,47.36,0.0
2009,대전신학교,본교,0.0,0.0
2009,대전신학대학교,본교,366.67,0.0
2009,대진대학교,본교,59.95,0.0
2009,덕성여자대학교,본교,64.23,0.0
2009,동국대학교,본교,68.44,0.0
2009,동덕여자대학교,본교,57.02,0.0
2009,동명대학교,본교,53.12,0.0
2009,동명정보대학교,본교,0.0,0.0
2009,동서대학교,본교,61.51,0.0
2009,동신대학교,본교,64.27,0.0
2009,동아대학교,본교,57.13,0.0
2009,동양대학교,본교,47.41,0.0
2009,동원산업대학교,본교,0.0,0.0
2009,동의대학교,본교,55.14,0.0
2009,루터대학교,본교,56.25,0.0
2009,명신대학교,본교,86.96,0.0
2009,명지대학교,본교,71.29,0.0
2009,목원대학교,본교,52.46,0.0
2009,목포가톨릭대학교,본교,59.26,0.0
2009,배재대학교,본교,61.52,0.0
2009,백석대학교,본교,52.24,0.0
2009,부산가톨릭대학교,본교,51.56,0.0
2009,부산디지털대학교,본교,15.18,0.0
2009,부산외국어대학교,본교,60.31,0.0
2009,부산장신대학교,본교,70.83,0.0
2009,사이버한국외국어대학교,본교,12.71,0.0
2009,삼육대학교,본교,62.36,0.0
2009,상명대학교,본교,48.41,0.0
2009,상지대학교,본교,58.66,0.0
2009,서강대학교,본교,66.43,0.0
2009,서경대학교,본교,61.03,0.0
2009,서남대학교,본교,34.66,0.0
2009,서울기독대학교,본교,62.5,0.0
2009,서울신학대학교,본교,54.11,0.0
2009,서울여자대학교,본교,61.6,0.0
2009,서울장신대학교,본교,87.18,0.0
2009,서울한영대학교,본교,91.3,0.0
2009,서원대학교,본교,50.74,0.0
2009,선교청대학교,본교,45.45,0.0
2009,선문대학교,본교,56.52,0.0
2009,성결대학교,본교,53.61,0.0
2009,성공회대학교,본교,62.2,0.0
2009,성균관대학교,본교,60.89,0.0
2009,성신여자대학교,본교,58.09,0.0
2009,세명대학교,본교,51.53,0.0
2009,세종대학교,본교,60.0,0.0
2009,세종사이버대학교,본교,0.0,0.0
2009,수도침례신학교,본교,0.0,0.0
2009,수원가톨릭대학교,본교,68.42,0.0
2009,수원대학교,본교,44.0,0.0
2009,숙명여자대학교,본교,68.94,0.0
2009,순천향대학교,본교,125.33,0.0
2009,숭실대학교,본교,63.51,0.0
2009,신경대학교,본교,104.35,0.0
2009,신라대학교,본교,63.2,0.0
2009,아세아연합신학대학교,본교,48.81,0.0
2009,아주대학교,본교,85.48,0.0
2009,안양대학교,본교,63.24,0.0
2009,연세대학교,본교,99.0,0.0
2009,영남대학교,본교,56.7,0.0
2009,영남신학대학교,본교,61.9,0.0
2009,영동대학교,본교,52.17,0.0
2009,영산대학교,본교,68.65,0.0
2009,영산대학교(산업대),본교,0.0,0.0
2009,영산선학대학교,본교,150.0,0.0
2009,예수대학교,본교,85.71,0.0
2009,예원예술대학교,본교,75.41,0.0
2009,용인대학교,본교,48.09,0.0
2009,우석대학교,본교,64.51,0.0
2009,우송대학교,본교,65.34,0.0
2009,우송대학교(산업대),본교,0.0,0.0
2009,울산대학교,본교,131.62,0.0
2009,원광대학교,본교,66.0,0.0
2009,원광디지털대학교,본교,0.0,0.0
2009,위덕대학교,본교,56.99,0.0
2009,을지대학교,본교,331.65,0.0
2009,이화여자대학교,본교,79.77,0.0
2009,인제대학교,본교,59.4,0.0
2009,인천가톨릭대학교,본교,87.88,0.0
2009,인하대학교,본교,85.76,0.0
2009,장로회신학대학교,본교,41.73,0.0
2009,전주대학교,본교,64.83,0.0
2009,정석대학,본교,0.0,0.0
2009,조선대학교,본교,64.32,0.0
2009,중부대학교,본교,41.96,0.0
2009,중앙대학교,본교,73.08,0.0
2009,중앙승가대학교,본교,75.0,0.0
2009,중원대학교,본교,207.69,0.0
2009,차의과학대학교,본교,322.77,0.0
2009,청운대학교,본교,51.34,0.0
2009,청주대학교,본교,58.29,0.0
2009,초당대학교,본교,29.21,0.0
2009,총신대학교,본교,54.34,0.0
2009,추계예술대학교,본교,55.42,0.0
2009,침례신학대학교,본교,39.02,0.0
2009,칼빈대학교,본교,82.35,0.0
2009,탐라대학교,본교,39.34,0.0
2009,평택대학교,본교,57.21,0.0
2009,포항공과대학교,본교,128.57,0.0
2009,한국국제대학교,본교,60.0,0.0
2009,한국기술교육대학교,본교,72.38,0.0
2009,한국산업기술대학교,본교,51.51,0.0
2009,한국성서대학교,본교,58.49,0.0
2009,한국외국어대학교,본교,73.29,0.0
2009,한국정보통신대학교,본교,0.0,0.0
2009,한국항공대학교,본교,65.42,0.0
2009,한남대학교,본교,54.06,0.0
2009,한동대학교,본교,70.48,0.0
2009,한라대학교,본교,49.2,0.0
2009,한려대학교(산업대),본교,32.84,0.0
2009,한림대학교,본교,177.19,0.0
2009,한민학교,본교,13.04,0.0
2009,한북대학교,본교,77.78,0.0
2009,한서대학교,본교,62.53,0.0
2009,한성대학교,본교,58.4,0.0
2009,한세대학교,본교,62.8,0.0
2009,한신대학교,본교,61.81,0.0
2009,한양대학교,본교,75.29,0.0
2009,한일장신대학교,본교,52.56,0.0
2009,한중대학교,본교,48.8,0.0
2009,협성대학교,본교,50.21,0.0
2009,호남대학교,본교,59.34,0.0
2009,호남신학대학교,본교,41.94,0.0
2009,호서대학교,본교,61.67,0.0
2009,호원대학교,본교,49.63,0.0
2009,홍익대학교,본교,70.38,0.0
2009,화신사이버대학교,본교,33.33,0.0
2010,가야대학교,본교,0.0,0.0
2010,가천의과학대학교,본교,127.35,0.0
2010,가톨릭대학교,본교,61.4,0.0
2010,감리교신학대학교,본교,47.89,0.0
2010,강남대학교,본교,66.67,0.0
2010,강서대학교,본교,61.19,0.0
2010,건국대학교,본교,67.25,0.0
2010,건동대학교,본교,30.14,0.0
2010,건양대학교,본교,58.28,0.0
2010,경기대학교,본교,59.5,0.0
2010,경남대학교,본교,51.15,0.0
2010,경동대학교,본교,45.22,0.0
2010,경북외국어대학교,본교,77.78,0.0
2010,경성대학교,본교,51.0,0.0
2010,경운대학교,본교,63.35,0.0
2010,경원대학교,본교,61.01,0.0
2010,경일대학교,본교,60.48,0.0
2010,경주대학교,본교,41.67,0.0
2010,경희대학교,본교,88.02,0.0
2010,계명대학교,본교,62.8,0.0
2010,고려대학교,본교,94.48,0.0
2010,고신대학교,본교,82.55,0.0
2010,관동대학교,본교,79.92,0.0
2010,광신대학교,본교,69.64,0.0
2010,광운대학교,본교,60.75,0.0
2010,광주가톨릭대학교,본교,170.0,0.0
2010,광주대학교,본교,73.51,0.0
2010,광주대학교(산업대),본교,0.0,0.0
2010,광주여자대학교,본교,60.0,0.0
2010,국민대학교,본교,57.59,0.0
2010,극동대학교,본교,35.35,0.0
2010,금강대학교,본교,110.53,0.0
2010,김천대학교,본교,212.24,0.0
2010,꽃동네현도사회복지대학교,본교,81.48,0.0
2010,나사렛대학교,본교,68.53,0.0
2010,남부대학교,본교,48.91,0.0
2010,남서울대학교,본교,62.19,0.0
2010,단국대학교,본교,50.92,0.0
2010,대구가톨릭대학교,본교,49.56,0.0
2010,대구대학교,본교,51.52,0.0
2010,대구예술대학교,본교,36.73,0.0
2010,대구외국어대학교,본교,61.9,0.0
2010,대구한의대학교,본교,50.88,0.0
2010,대불대학교,본교,38.24,0.0
2010,대신대학교,본교,85.0,0.0
2010,대전가톨릭대학교,본교,120.0,0.0
2010,대전대학교,본교,51.69,0.0
2010,대전신학교,본교,0.0,0.0
2010,대전신학대학교,본교,200.0,0.0
2010,대진대학교,본교,59.95,0.0
2010,덕성여자대학교,본교,67.57,0.0
2010,동국대학교,본교,89.9,0.0
2010,동덕여자대학교,본교,54.21,0.0
2010,동명대학교,본교,61.02,0.0
2010,동명정보대학교,본교,0.0,0.0
2010,동서대학교,본교,62.5,0.0
2010,동신대학교,본교,60.11,0.0
2010,동아대학교,본교,59.21,0.0
2010,동양대학교,본교,50.86,0.0
2010,동의대학교,본교,56.42,0.0
2010,루터대학교,본교,47.37,0.0
2010,명신대학교,본교,77.08,0.0
2010,명지대학교,본교,73.54,0.0
2010,목원대학교,본교,44.77,0.0
2010,목포가톨릭대학교,본교,55.56,0.0
2010,배재대학교,본교,61.39,0.0
2010,백석대학교,본교,53.02,0.0
2010,부산가톨릭대학교,본교,53.13,0.0
2010,부산외국어대학교,본교,60.87,0.0
2010,부산장신대학교,본교,70.83,0.0
2010,삼육대학교,본교,61.54,0.0
2010,상명대학교,본교,50.29,0.0
2010,상지대학교,본교,58.66,0.0
2010,서강대학교,본교,67.84,0.0
2010,서경대학교,본교,66.9,0.0
2010,서남대학교,본교,31.04,0.0
2010,서울기독대학교,본교,60.42,0.0
2010,서울신학대학교,본교,55.1,0.0
2010,서울여자대학교,본교,65.43,0.0
2010,서울장신대학교,본교,87.5,0.0
2010,서울한영대학교,본교,89.13,0.0
2010,서원대학교,본교,50.74,0.0
2010,선교청대학교,본교,22.73,0.0
2010,선문대학교,본교,61.56,0.0
2010,성결대학교,본교,61.22,0.0
2010,성공회대학교,본교,61.9,0.0
2010,성균관대학교,본교,103.63,0.0
2010,성신여자대학교,본교,65.54,0.0
2010,세명대학교,본교,52.48,0.0
2010,세종대학교,본교,59.8,0.0
2010,수도침례신학교,본교,0.0,0.0
2010,수원가톨릭대학교,본교,61.11,0.0
2010,수원대학교,본교,45.03,0.0
2010,숙명여자대학교,본교,74.23,0.0
2010,순복음총회신학교,본교,137.5,0.0
2010,순천향대학교,본교,127.5,0.0
2010,숭실대학교,본교,67.08,0.0
2010,신경대학교,본교,82.86,0.0
2010,신라대학교,본교,62.37,0.0
2010,아세아연합신학대학교,본교,45.24,0.0
2010,아주대학교,본교,90.12,0.0
2010,안양대학교,본교,64.29,0.0
2010,연세대학교,본교,99.4,0.0
2010,영남대학교,본교,68.1,0.0
2010,영남신학대학교,본교,61.9,0.0
2010,영동대학교,본교,50.72,0.0
2010,영산대학교,본교,74.05,0.0
2010,영산대학교(산업대),본교,0.0,0.0
2010,영산선학대학교,본교,112.5,0.0
2010,예수대학교,본교,88.89,0.0
2010,예원예술대학교,본교,76.27,0.0
2010,용인대학교,본교,49.26,0.0
2010,우석대학교,본교,67.22,0.0
2010,우송대학교,본교,62.36,0.0
2010,우송대학교(산업대),본교,0.0,0.0
2010,울산대학교,본교,133.33,0.0
2010,원광대학교,본교,64.65,0.0
2010,위덕대학교,본교,58.6,0.0
2010,을지대학교,본교,345.57,0.0
2010,이화여자대학교,본교,80.35,0.0
2010,인제대학교,본교,60.15,0.0
2010,인천가톨릭대학교,본교,67.44,0.0
2010,인하대학교,본교,87.87,0.0
2010,장로회신학대학교,본교,54.33,0.0
2010,전주대학교,본교,63.36,0.0
2010,정석대학,본교,0.0,0.0
2010,조선대학교,본교,63.84,0.0
2010,중부대학교,본교,42.63,0.0
2010,중앙대학교,본교,77.81,0.0
2010,중앙승가대학교,본교,72.0,0.0
2010,중원대학교,본교,107.69,0.0
2010,차의과학대학교,본교,342.0,0.0
2010,청운대학교,본교,54.96,0.0
2010,청주대학교,본교,61.99,0.0
2010,초당대학교,본교,35.21,0.0
2010,총신대학교,본교,53.76,0.0
2010,추계예술대학교,본교,59.04,0.0
2010,침례신학대학교,본교,39.84,0.0
2010,칼빈대학교,본교,64.29,0.0
2010,탐라대학교,본교,36.07,0.0
2010,평택대학교,본교,58.85,0.0
2010,포항공과대학교,본교,127.18,0.0
2010,한국국제대학교,본교,57.02,0.0
2010,한국기술교육대학교,본교,72.51,0.0
2010,한국산업기술대학교,본교,51.33,0.0
2010,한국성서대학교,본교,62.96,0.0
2010,한국외국어대학교,본교,76.6,0.0
2010,한국항공대학교,본교,65.89,0.0
2010,한남대학교,본교,55.1,0.0
2010,한동대학교,본교,71.69,0.0
2010,한라대학교,본교,50.0,0.0
2010,한려대학교(산업대),본교,52.8,0.0
2010,한림대학교,본교,176.15,0.0
2010,한민학교,본교,13.04,0.0
2010,한북대학교,본교,76.27,0.0
2010,한서대학교,본교,63.85,0.0
2010,한성대학교,본교,60.97,0.0
2010,한세대학교,본교,62.8,0.0
2010,한신대학교,본교,61.51,0.0
2010,한양대학교,본교,78.68,0.0
2010,한일장신대학교,본교,57.69,0.0
2010,한중대학교,본교,50.92,0.0
2010,협성대학교,본교,61.44,0.0
2010,호남대학교,본교,61.86,0.0
2010,호남신학대학교,본교,46.77,0.0
2010,호서대학교,본교,61.43,0.0
2010,호원대학교,본교,50.92,0.0
2010,홍익대학교,본교,70.89,0.0
2011,가야대학교,본교,0.0,0.0
2011,가천의과학대학교,본교,131.06,0.0
2011,가톨릭대학교,본교,61.9,0.0
2011,감리교신학대학교,본교,47.89,0.0
2011,강남대학교,본교,68.75,0.0
2011,강서대학교,본교,65.15,0.0
2011,건국대학교,본교,66.41,0.0
2011,건동대학교,본교,39.13,0.0
2011,건양대학교,본교,59.68,0.0
2011,경기대학교,본교,62.01,0.0
2011,경남대학교,본교,52.16,0.0
2011,경동대학교,본교,47.17,0.0
2011,경북외국어대학교,본교,85.71,0.0
2011,경성대학교,본교,53.87,0.0
2011,경운대학교,본교,65.72,0.0
2011,경원대학교,본교,61.69,0.0
2011,경일대학교,본교,68.37,0.0
2011,경주대학교,본교,47.51,0.0
2011,경희대학교,본교,90.72,0.0
2011,계명대학교,본교,66.52,0.0
2011,고려대학교,본교,93.94,0.0
2011,고신대학교,본교,85.47,0.0
2011,관동대학교,본교,84.27,0.0
2011,광신대학교,본교,80.0,0.0
2011,광운대학교,본교,65.5,0.0
2011,광주가톨릭대학교,본교,170.0,0.0
2011,광주대학교,본교,68.92,0.0
2011,광주여자대학교,본교,61.0,0.0
2011,국민대학교,본교,58.38,0.0
2011,극동대학교,본교,43.12,0.0
2011,금강대학교,본교,110.53,0.0
2011,김천대학교,본교,118.56,0.0
2011,꽃동네대학교,본교,77.78,0.0
2011,나사렛대학교,본교,69.84,0.0
2011,남부대학교,본교,55.98,0.0
2011,남서울대학교,본교,65.84,0.0
2011,단국대학교,본교,60.0,0.0
2011,대구가톨릭대학교,본교,71.53,0.0
2011,대구대학교,본교,53.78,0.0
2011,대구예술대학교,본교,52.58,0.0
2011,대구외국어대학교,본교,66.67,0.0
2011,대구한의대학교,본교,54.5,0.0
2011,대불대학교,본교,52.47,0.0
2011,대신대학교,본교,82.5,0.0
2011,대전가톨릭대학교,본교,100.0,0.0
2011,대전대학교,본교,58.57,0.0
2011,대전신학교,본교,0.0,0.0
2011,대전신학대학교,본교,91.67,0.0
2011,대진대학교,본교,62.76,0.0
2011,덕성여자대학교,본교,69.88,0.0
2011,동국대학교,본교,89.7,0.0
2011,동덕여자대학교,본교,61.24,0.0
2011,동명대학교,본교,61.16,0.0
2011,동서대학교,본교,63.22,0.0
2011,동신대학교,본교,62.33,0.0
2011,동아대학교,본교,66.13,0.0
2011,동양대학교,본교,50.86,0.0
2011,동의대학교,본교,58.57,0.0
2011,루터대학교,본교,44.74,0.0
2011,명신대학교,본교,87.8,0.0
2011,명지대학교,본교,71.08,0.0
2011,목원대학교,본교,52.64,0.0
2011,목포가톨릭대학교,본교,69.23,0.0
2011,배재대학교,본교,61.39,0.0
2011,백석대학교,본교,55.16,0.0
2011,부산가톨릭대학교,본교,55.73,0.0
2011,부산외국어대학교,본교,63.01,0.0
2011,부산장신대학교,본교,70.83,0.0
2011,삼육대학교,본교,61.9,0.0
2011,상명대학교,본교,57.97,0.0
2011,상지대학교,본교,59.26,0.0
2011,서강대학교,본교,70.16,0.0
2011,서경대학교,본교,67.13,0.0
2011,서남대학교,본교,54.45,0.0
2011,서울기독대학교,본교,62.5,0.0
2011,서울신학대학교,본교,56.16,0.0
2011,서울여자대학교,본교,64.57,0.0
2011,서울장신대학교,본교,85.71,0.0
2011,서울한영대학교,본교,87.23,0.0
2011,서원대학교,본교,51.03,0.0
2011,선교청대학교,본교,15.0,0.0
2011,선문대학교,본교,64.01,0.0
2011,성결대학교,본교,61.6,0.0
2011,성공회대학교,본교,66.4,0.0
2011,성균관대학교,본교,103.48,0.0
2011,성신여자대학교,본교,68.63,0.0
2011,세명대학교,본교,52.48,0.0
2011,세종대학교,본교,63.25,0.0
2011,수원가톨릭대학교,본교,78.95,0.0
2011,수원대학교,본교,46.21,0.0
2011,숙명여자대학교,본교,76.11,0.0
2011,순복음총회신학교,본교,68.75,0.0
2011,순천향대학교,본교,125.49,0.0
2011,숭실대학교,본교,70.5,0.0
2011,신경대학교,본교,81.82,0.0
2011,신라대학교,본교,61.75,0.0
2011,아세아연합신학대학교,본교,35.71,0.0
2011,아주대학교,본교,89.53,0.0
2011,안양대학교,본교,65.22,0.0
2011,연세대학교,본교,101.64,0.0
2011,영남대학교,본교,68.16,0.0
2011,영남신학대학교,본교,64.29,0.0
2011,영동대학교,본교,61.54,0.0
2011,영산대학교,본교,70.17,0.0
2011,영산선학대학교,본교,137.5,0.0
2011,예수대학교,본교,85.71,0.0
2011,예원예술대학교,본교,93.22,0.0
2011,용인대학교,본교,54.12,0.0
2011,우석대학교,본교,65.09,0.0
2011,우송대학교,본교,64.68,0.0
2011,울산대학교,본교,139.89,0.0
2011,원광대학교,본교,68.74,0.0
2011,위덕대학교,본교,54.55,0.0
2011,을지대학교,본교,346.15,0.0
2011,이화여자대학교,본교,81.39,0.0
2011,인제대학교,본교,61.94,0.0
2011,인천가톨릭대학교,본교,172.73,0.0
2011,인하대학교,본교,89.69,0.0
2011,장로회신학대학교,본교,56.69,0.0
2011,전주대학교,본교,62.72,0.0
2011,정석대학,본교,0.0,0.0
2011,조선대학교,본교,63.09,0.0
2011,중부대학교,본교,51.69,0.0
2011,중앙대학교,본교,82.81,0.0
2011,중앙승가대학교,본교,72.0,0.0
2011,중원대학교,본교,90.77,0.0
2011,차의과학대학교,본교,311.3,0.0
2011,청운대학교,본교,53.82,0.0
2011,청주대학교,본교,67.24,0.0
2011,초당대학교,본교,50.0,0.0
2011,총신대학교,본교,52.87,0.0
2011,추계예술대학교,본교,59.76,0.0
2011,침례신학대학교,본교,39.84,0.0
2011,칼빈대학교,본교,59.18,0.0
2011,탐라대학교,본교,33.33,0.0
2011,평택대학교,본교,62.5,0.0
2011,포항공과대학교,본교,126.73,0.0
2011,한국국제대학교,본교,65.49,0.0
2011,한국기술교육대학교,본교,75.71,0.0
2011,한국산업기술대학교,본교,62.33,0.0
2011,한국성서대학교,본교,65.45,0.0
2011,한국외국어대학교,본교,77.38,0.0
2011,한국항공대학교,본교,64.19,0.0
2011,한남대학교,본교,58.62,0.0
2011,한동대학교,본교,72.12,0.0
2011,한라대학교,본교,54.3,0.0
2011,한려대학교,본교,62.07,0.0
2011,한림대학교,본교,174.4,0.0
2011,한민학교,본교,17.02,0.0
2011,한북대학교,본교,84.29,0.0
2011,한서대학교,본교,64.21,0.0
2011,한성대학교,본교,61.25,0.0
2011,한세대학교,본교,68.29,0.0
2011,한신대학교,본교,61.75,0.0
2011,한양대학교,본교,79.8,0.0
2011,한일장신대학교,본교,66.23,0.0
2011,한중대학교,본교,65.22,0.0
2011,협성대학교,본교,61.18,0.0
2011,호남대학교,본교,61.44,0.0
2011,호남신학대학교,본교,48.39,0.0
2011,호서대학교,본교,61.37,0.0
2011,호원대학교,본교,48.35,0.0
2011,홍익대학교,본교,70.97,0.0
2012,가야대학교,본교,0.0,0.0
2012,가천대학교,본교,79.62,0.0
2012,가천의과학대학교,본교,0.0,0.0
2012,가톨릭대학교,본교,63.51,0.0
2012,감리교신학대학교,본교,47.89,0.0
2012,강남대학교,본교,68.13,0.0
2012,강서대학교,본교,67.16,0.0
2012,건국대학교,본교,68.32,0.0
2012,건동대학교,본교,34.48,0.0
2012,건양대학교,본교,61.92,0.0
2012,경기대학교,본교,68.86,0.0
2012,경남대학교,본교,64.25,0.0
2012,경동대학교,본교,66.04,0.0
2012,경북외국어대학교,본교,67.86,0.0
2012,경성대학교,본교,67.86,0.0
2012,경운대학교,본교,67.74,0.0
2012,경운대학교(산업대),본교,0.0,0.0
2012,경일대학교,본교,71.26,0.0
2012,경주대학교,본교,62.79,0.0
2012,경희대학교,본교,88.18,0.0
2012,계명대학교,본교,71.88,0.0
2012,고려대학교,본교,94.75,0.0
2012,고신대학교,본교,100.34,0.0
2012,관동대학교,본교,85.48,0.0
2012,광신대학교,본교,81.82,0.0
2012,광운대학교,본교,66.82,0.0
2012,광주가톨릭대학교,본교,188.89,0.0
2012,광주대학교,본교,71.97,0.0
2012,광주대학교(산업대),본교,0.0,0.0
2012,광주여자대학교,본교,66.67,0.0
2012,국민대학교,본교,60.26,0.0
2012,극동대학교,본교,62.56,0.0
2012,금강대학교,본교,131.82,0.0
2012,김천대학교,본교,84.25,0.0
2012,꽃동네대학교,본교,77.78,0.0
2012,나사렛대학교,본교,66.54,0.0
2012,남부대학교,본교,65.22,0.0
2012,남서울대학교,본교,64.6,0.0
2012,남서울대학교(산업대),본교,0.0,0.0
2012,단국대학교,본교,66.52,0.0
2012,대구가톨릭대학교,본교,76.79,0.0
2012,대구대학교,본교,58.93,0.0
2012,대구예술대학교,본교,59.79,0.0
2012,대구외국어대학교,본교,71.43,0.0
2012,대구한의대학교,본교,57.14,0.0
2012,대신대학교,본교,72.5,0.0
2012,대전가톨릭대학교,본교,116.67,0.0
2012,대전대학교,본교,63.29,0.0
2012,대전신학교,본교,0.0,0.0
2012,대전신학대학교,본교,78.57,0.0
2012,대진대학교,본교,63.94,0.0
2012,덕성여자대학교,본교,69.38,0.0
2012,동국대학교,본교,87.71,0.0
2012,동덕여자대학교,본교,66.2,0.0
2012,동명대학교,본교,61.63,0.0
2012,동명정보대학교,본교,0.0,0.0
2012,동서대학교,본교,65.01,0.0
2012,동신대학교,본교,62.43,0.0
2012,동아대학교,본교,71.67,0.0
2012,동양대학교,본교,62.5,0.0
2012,동의대학교,본교,62.8,0.0
2012,루터대학교,본교,61.76,0.0
2012,명지대학교,본교,63.04,0.0
2012,목원대학교,본교,63.39,0.0
2012,목포가톨릭대학교,본교,72.0,0.0
2012,배재대학교,본교,61.96,0.0
2012,백석대학교,본교,61.35,0.0
2012,부산가톨릭대학교,본교,65.8,0.0
2012,부산외국어대학교,본교,63.75,0.0
2012,부산장신대학교,본교,69.23,0.0
2012,삼육대학교,본교,65.2,0.0
2012,상명대학교,본교,63.77,0.0
2012,상지대학교,본교,58.14,0.0
2012,서강대학교,본교,72.55,0.0
2012,서경대학교,본교,67.59,0.0
2012,서남대학교,본교,57.09,0.0
2012,서울기독대학교,본교,62.5,0.0
2012,서울신학대학교,본교,65.99,0.0
2012,서울여자대학교,본교,68.48,0.0
2012,서울장신대학교,본교,85.71,0.0
2012,서울한영대학교,본교,87.23,0.0
2012,서원대학교,본교,62.28,0.0
2012,선교청대학교,본교,100.0,0.0
2012,선문대학교,본교,64.66,0.0
2012,성결대학교,본교,67.8,0.0
2012,성공회대학교,본교,67.46,0.0
2012,성균관대학교,본교,108.22,0.0
2012,성신여자대학교,본교,68.35,0.0
2012,세명대학교,본교,57.92,0.0
2012,세종대학교,본교,65.12,0.0
2012,세한대학교,본교,64.88,0.0
2012,송원대학교,본교,245.95,0.0
2012,수원가톨릭대학교,본교,73.68,0.0
2012,수원대학교,본교,54.3,0.0
2012,숙명여자대학교,본교,77.82,0.0
2012,순복음총회신학교,본교,45.83,0.0
2012,순천향대학교,본교,127.69,0.0
2012,숭실대학교,본교,75.78,0.0
2012,신경대학교,본교,90.74,0.0
2012,신라대학교,본교,62.58,0.0
2012,아세아연합신학대학교,본교,38.55,0.0
2012,아주대학교,본교,93.75,0.0
2012,안양대학교,본교,70.8,0.0
2012,연세대학교,본교,102.73,0.0
2012,영남대학교,본교,68.24,0.0
2012,영남신학대학교,본교,64.29,0.0
2012,영동대학교,본교,61.84,0.0
2012,영산대학교,본교,64.37,0.0
2012,영산대학교(산업대),본교,0.0,0.0
2012,영산선학대학교,본교,150.0,0.0
2012,예수대학교,본교,85.71,0.0
2012,예원예술대학교,본교,83.61,0.0
2012,용인대학교,본교,62.83,0.0
2012,우석대학교,본교,67.7,0.0
2012,우송대학교,본교,65.22,0.0
2012,우송대학교(산업대),본교,0.0,0.0
2012,울산대학교,본교,142.95,0.0
2012,원광대학교,본교,78.88,0.0
2012,위덕대학교,본교,56.45,0.0
2012,을지대학교,본교,353.25,0.0
2012,이화여자대학교,본교,87.14,0.0
2012,인제대학교,본교,61.5,0.0
2012,인천가톨릭대학교,본교,190.91,0.0
2012,인하대학교,본교,90.8,0.0
2012,장로회신학대학교,본교,61.42,0.0
2012,전주대학교,본교,64.84,0.0
2012,정석대학,본교,0.0,0.0
2012,제주국제대학교,본교,96.05,0.0
2012,조선대학교,본교,62.79,0.0
2012,중부대학교,본교,66.59,0.0
2012,중앙대학교,본교,85.26,0.0
2012,중앙승가대학교,본교,64.0,0.0
2012,중원대학교,본교,74.36,0.0
2012,차의과학대학교,본교,270.99,0.0
2012,청운대학교,본교,53.41,0.0
2012,청주대학교,본교,71.06,0.0
2012,초당대학교,본교,55.92,0.0
2012,초당대학교(산업대),본교,0.0,0.0
2012,총신대학교,본교,52.87,0.0
2012,추계예술대학교,본교,65.0,0.0
2012,침례신학대학교,본교,43.09,0.0
2012,칼빈대학교,본교,31.48,0.0
2012,탐라대학교,본교,0.0,0.0
2012,평택대학교,본교,66.03,0.0
2012,포항공과대학교,본교,134.52,0.0
2012,한국국제대학교,본교,64.84,0.0
2012,한국기술교육대학교,본교,77.36,0.0
2012,한국산업기술대학교,본교,64.67,0.0
2012,한국산업기술대학교(산업대),본교,0.0,0.0
2012,한국성서대학교,본교,70.91,0.0
2012,한국외국어대학교,본교,82.83,0.0
2012,한국항공대학교,본교,67.91,0.0
2012,한남대학교,본교,62.58,0.0
2012,한동대학교,본교,72.46,0.0
2012,한라대학교,본교,61.83,0.0
2012,한려대학교,본교,62.73,0.0
2012,한려대학교(산업대),본교,0.0,0.0
2012,한림대학교,본교,176.1,0.0
2012,한민학교,본교,0.0,0.0
2012,한북대학교,본교,68.29,0.0
2012,한서대학교,본교,65.96,0.0
2012,한성대학교,본교,74.64,0.0
2012,한세대학교,본교,67.88,0.0
2012,한신대학교,본교,64.54,0.0
2012,한양대학교,본교,82.11,0.0
2012,한일장신대학교,본교,61.33,0.0
2012,한중대학교,본교,63.52,0.0
2012,협성대학교,본교,67.37,0.0
2012,호남대학교,본교,61.13,0.0
2012,호남신학대학교,본교,51.61,0.0
2012,호서대학교,본교,61.52,0.0
2012,호원대학교,본교,52.77,0.0
2012,홍익대학교,본교,70.78,0.0
2013,가야대학교,본교,0.0,0.0
2013,가천대학교,본교,87.03,0.0
2013,가톨릭대학교,본교,63.98,0.0
2013,감리교신학대학교,본교,45.83,0.0
2013,강남대학교,본교,68.34,0.0
2013,강서대학교,본교,73.13,0.0
2013,건국대학교,본교,69.97,0.0
2013,건양대학교,본교,71.65,0.0
2013,경기대학교,본교,71.21,0.0
2013,경남대학교,본교,65.98,0.0
2013,경동대학교,본교,68.86,0.0
2013,경성대학교,본교,69.51,0.0
2013,경운대학교,본교,143.17,0.0
2013,경운대학교(산업대),본교,0.0,0.0
2013,경일대학교,본교,71.67,0.0
2013,경주대학교,본교,62.55,0.0
2013,경희대학교,본교,92.22,0.0
2013,계명대학교,본교,74.93,0.0
2013,고려대학교,본교,100.21,0.0
2013,고신대학교,본교,107.42,0.0
2013,관동대학교,본교,87.45,0.0
2013,광신대학교,본교,82.46,0.0
2013,광운대학교,본교,75.99,0.0
2013,광주가톨릭대학교,본교,200.0,0.0
2013,광주대학교,본교,68.68,0.0
2013,광주대학교(산업대),본교,0.0,0.0
2013,광주여자대학교,본교,67.33,0.0
2013,국민대학교,본교,78.62,0.0
2013,극동대학교,본교,66.52,0.0
2013,금강대학교,본교,120.0,0.0
2013,김천대학교,본교,80.83,0.0
2013,꽃동네대학교,본교,85.19,0.0
2013,나사렛대학교,본교,69.69,0.0
2013,남부대학교,본교,65.57,0.0
2013,남서울대학교,본교,125.91,0.0
2013,남서울대학교(산업대),본교,0.0,0.0
2013,단국대학교,본교,69.51,0.0
2013,대구가톨릭대학교,본교,82.54,0.0
2013,대구대학교,본교,61.07,0.0
2013,대구예술대학교,본교,55.21,0.0
2013,대구외국어대학교,본교,80.95,0.0
2013,대구한의대학교,본교,57.32,0.0
2013,대신대학교,본교,69.23,0.0
2013,대전가톨릭대학교,본교,100.0,0.0
2013,대전대학교,본교,64.4,0.0
2013,대전신학교,본교,0.0,0.0
2013,대전신학대학교,본교,81.25,0.0
2013,대진대학교,본교,65.73,0.0
2013,덕성여자대학교,본교,72.2,0.0
2013,동국대학교,본교,88.23,0.0
2013,동덕여자대학교,본교,67.51,0.0
2013,동명대학교,본교,65.02,0.0
2013,동명정보대학교,본교,0.0,0.0
2013,동서대학교,본교,66.87,0.0
2013,동신대학교,본교,63.59,0.0
2013,동아대학교,본교,78.08,0.0
2013,동양대학교,본교,63.04,0.0
2013,동의대학교,본교,66.38,0.0
2013,루터대학교,본교,70.0,0.0
2013,명지대학교,본교,66.99,0.0
2013,목원대학교,본교,65.3,0.0
2013,목포가톨릭대학교,본교,72.0,0.0
2013,배재대학교,본교,66.67,0.0
2013,백석대학교,본교,64.94,0.0
2013,부산가톨릭대학교,본교,66.84,0.0
2013,부산외국어대학교,본교,65.98,0.0
2013,부산장신대학교,본교,81.48,0.0
2013,삼육대학교,본교,68.66,0.0
2013,상명대학교,본교,65.88,0.0
2013,상지대학교,본교,58.88,0.0
2013,서강대학교,본교,77.76,0.0
2013,서경대학교,본교,68.38,0.0
2013,서남대학교,본교,50.45,0.0
2013,서울기독대학교,본교,66.67,0.0
2013,서울신학대학교,본교,65.75,0.0
2013,서울여자대학교,본교,69.91,0.0
2013,서울장신대학교,본교,85.71,0.0
2013,서울한영대학교,본교,89.13,0.0
2013,서원대학교,본교,63.83,0.0
2013,선문대학교,본교,64.52,0.0
2013,성결대학교,본교,74.24,0.0
2013,성공회대학교,본교,65.08,0.0
2013,성균관대학교,본교,113.31,0.0
2013,성신여자대학교,본교,70.32,0.0
2013,세명대학교,본교,69.67,0.0
2013,세종대학교,본교,69.21,0.0
2013,세한대학교,본교,70.09,0.0
2013,송원대학교,본교,109.33,0.0
2013,수원가톨릭대학교,본교,73.68,0.0
2013,수원대학교,본교,62.88,0.0
2013,숙명여자대학교,본교,78.84,0.0
2013,순복음총회신학교,본교,76.47,0.0
2013,순천향대학교,본교,130.67,0.0
2013,숭실대학교,본교,79.84,0.0
2013,신경대학교,본교,87.5,0.0
2013,신라대학교,본교,62.63,0.0
2013,아세아연합신학대학교,본교,45.78,0.0
2013,아주대학교,본교,94.15,0.0
2013,안양대학교,본교,70.24,0.0
2013,연세대학교,본교,103.69,0.0
2013,영남대학교,본교,73.09,0.0
2013,영남신학대학교,본교,66.67,0.0
2013,영동대학교,본교,64.08,0.0
2013,영산대학교,본교,72.62,0.0
2013,영산대학교(산업대),본교,0.0,0.0
2013,영산선학대학교,본교,187.5,0.0
2013,예수대학교,본교,85.71,0.0
2013,예원예술대학교,본교,85.25,0.0
2013,용인대학교,본교,64.5,0.0
2013,우석대학교,본교,66.83,0.0
2013,우송대학교,본교,65.38,0.0
2013,우송대학교(산업대),본교,0.0,0.0
2013,울산대학교,본교,144.25,0.0
2013,원광대학교,본교,78.81,0.0
2013,위덕대학교,본교,68.48,0.0
2013,을지대학교,본교,359.46,0.0
2013,이화여자대학교,본교,90.39,0.0
2013,인제대학교,본교,60.07,0.0
2013,인천가톨릭대학교,본교,220.0,0.0
2013,인하대학교,본교,91.86,0.0
2013,장로회신학대학교,본교,59.06,0.0
2013,전주대학교,본교,64.73,0.0
2013,정석대학,본교,0.0,0.0
2013,제주국제대학교,본교,82.93,0.0
2013,조선대학교,본교,63.24,0.0
2013,중부대학교,본교,68.1,0.0
2013,중앙대학교,본교,84.09,0.0
2013,중앙승가대학교,본교,68.0,0.0
2013,중원대학교,본교,81.29,0.0
2013,차의과학대학교,본교,230.77,0.0
2013,창신대학교,본교,219.23,0.0
2013,청운대학교,본교,59.47,0.0
2013,청주대학교,본교,71.06,0.0
2013,초당대학교,본교,127.47,0.0
2013,초당대학교(산업대),본교,0.0,0.0
2013,총신대학교,본교,70.11,0.0
2013,추계예술대학교,본교,64.0,0.0
2013,침례신학대학교,본교,42.28,0.0
2013,칼빈대학교,본교,40.0,0.0
2013,탐라대학교,본교,0.0,0.0
2013,평택대학교,본교,66.19,0.0
2013,포항공과대학교,본교,134.17,0.0
2013,한국국제대학교,본교,68.1,0.0
2013,한국기술교육대학교,본교,79.72,0.0
2013,한국산업기술대학교,본교,123.31,0.0
2013,한국산업기술대학교(산업대),본교,0.0,0.0
2013,한국성서대학교,본교,81.82,0.0
2013,한국외국어대학교,본교,83.04,0.0
2013,한국항공대학교,본교,72.56,0.0
2013,한남대학교,본교,64.4,0.0
2013,한동대학교,본교,75.0,0.0
2013,한라대학교,본교,62.37,0.0
2013,한려대학교,본교,82.5,0.0
2013,한려대학교(산업대),본교,0.0,0.0
2013,한림대학교,본교,177.7,0.0
2013,한민학교,본교,8.64,0.0
2013,한북대학교,본교,22.11,0.0
2013,한서대학교,본교,66.14,0.0
2013,한성대학교,본교,74.64,0.0
2013,한세대학교,본교,69.09,0.0
2013,한신대학교,본교,69.84,0.0
2013,한양대학교,본교,87.17,0.0
2013,한일장신대학교,본교,66.2,0.0
2013,한중대학교,본교,65.16,0.0
2013,협성대학교,본교,72.46,0.0
2013,호남대학교,본교,61.44,0.0
2013,호남신학대학교,본교,46.77,0.0
2013,호서대학교,본교,65.06,0.0
2013,호원대학교,본교,58.36,0.0
2013,홍익대학교,본교,71.05,0.0
2014,가야대학교(김해),본교,79.17,76.61
2014,가천대학교,본교,90.67,81.02
2014,가톨릭관동대학교,본교,106.94,111.97
2014,가톨릭대학교,본교,65.51,61.1
2014,감리교신학대학교,본교,43.28,37.66
2014,강남대학교,본교,68.13,63.37
2014,강서대학교,본교,73.13,73.13
2014,건국대학교,본교,74.2,63.89
2014,건양대학교,본교,76.33,71.37
2014,경기대학교,본교,73.0,66.33
2014,경남대학교,본교,67.11,68.02
2014,경동대학교,본교,66.67,72.73
2014,경성대학교,본교,72.32,67.77
2014,경운대학교,본교,109.41,149.32
2014,경운대학교(산업대),본교,0.0,0.0
2014,경일대학교,본교,68.95,68.36
2014,경주대학교,본교,71.49,144.17
2014,경희대학교,본교,91.59,79.27
2014,계명대학교,본교,75.92,68.31
2014,고려대학교,본교,99.38,88.83
2014,고신대학교,본교,103.11,104.21
2014,광신대학교,본교,84.48,96.08
2014,광운대학교,본교,75.52,63.16
2014,광주가톨릭대학교,본교,177.78,320.0
2014,광주대학교,본교,71.63,70.08
2014,광주대학교(산업대),본교,0.0,0.0
2014,광주여자대학교,본교,68.16,66.18
2014,국민대학교,본교,81.44,71.28
2014,극동대학교,본교,67.27,72.55
2014,금강대학교,본교,103.7,140.0
2014,김천대학교,본교,81.68,93.41
2014,꽃동네대학교,본교,88.89,88.89
2014,나사렛대학교,본교,70.08,64.49
2014,남부대학교,본교,68.51,69.27
2014,남서울대학교,본교,92.76,116.84
2014,남서울대학교(산업대),본교,0.0,0.0
2014,단국대학교,본교,79.54,70.98
2014,대구가톨릭대학교,본교,89.67,83.64
2014,대구대학교,본교,59.41,55.77
2014,대구예술대학교,본교,53.68,67.11
2014,대구외국어대학교,본교,71.43,107.14
2014,대구한의대학교,본교,62.69,62.37
2014,대신대학교,본교,75.68,96.55
2014,대전가톨릭대학교,본교,100.0,200.0
2014,대전대학교,본교,63.07,63.07
2014,대전신학교,본교,0.0,0.0
2014,대전신학대학교,본교,68.75,73.33
2014,대진대학교,본교,67.69,65.67
2014,덕성여자대학교,본교,74.03,63.25
2014,동국대학교,본교,89.77,79.62
2014,동덕여자대학교,본교,69.41,62.03
2014,동명대학교,본교,69.95,63.53
2014,동명정보대학교,본교,0.0,0.0
2014,동서대학교,본교,70.8,65.31
2014,동신대학교,본교,71.88,70.21
2014,동아대학교,본교,80.97,73.62
2014,동양대학교,본교,73.04,74.34
2014,동의대학교,본교,70.98,66.06
2014,루터대학교,본교,76.92,95.24
2014,명지대학교,본교,70.66,66.44
2014,목원대학교,본교,74.0,71.61
2014,목포가톨릭대학교,본교,72.0,69.23
2014,배재대학교,본교,69.96,65.77
2014,백석대학교,본교,68.44,65.52
2014,부산가톨릭대학교,본교,69.07,64.42
2014,부산외국어대학교,본교,69.19,65.11
2014,부산장신대학교,본교,82.76,92.31
2014,삼육대학교,본교,69.6,63.76
2014,상명대학교,본교,75.53,66.31
2014,상지대학교,본교,64.08,64.69
2014,서강대학교,본교,77.23,76.17
2014,서경대학교,본교,69.18,63.13
2014,서남대학교,본교,41.01,118.67
2014,서울기독대학교,본교,66.67,76.19
2014,서울신학대학교,본교,66.67,64.05
2014,서울여자대학교,본교,70.4,63.64
2014,서울장신대학교,본교,88.1,88.1
2014,서울한영대학교,본교,87.23,93.18
2014,서원대학교,본교,68.9,67.06
2014,선문대학교,본교,76.46,70.94
2014,성결대학교,본교,80.23,76.45
2014,성공회대학교,본교,67.74,71.79
2014,성균관대학교,본교,115.66,99.64
2014,성신여자대학교,본교,63.16,58.14
2014,세명대학교,본교,69.21,68.4
2014,세종대학교,본교,71.12,65.6
2014,세한대학교,본교,65.05,68.72
2014,송원대학교,본교,72.32,92.05
2014,수원가톨릭대학교,본교,68.42,144.44
2014,수원대학교,본교,61.08,62.89
2014,숙명여자대학교,본교,76.96,75.54
2014,순복음총회신학교,본교,76.47,108.33
2014,순천향대학교,본교,133.17,129.78
2014,숭실대학교,본교,76.71,65.52
2014,신경대학교,본교,89.47,127.5
2014,신라대학교,본교,69.56,68.26
2014,신한대학교,본교,200.0,108.11
2014,아세아연합신학대학교,본교,69.88,85.29
2014,아주대학교,본교,95.78,82.77
2014,안양대학교,본교,69.05,68.77
2014,연세대학교,본교,106.24,88.19
2014,영남대학교,본교,78.15,70.29
2014,영남신학대학교,본교,66.67,71.79
2014,영동대학교,본교,64.08,73.33
2014,영산대학교,본교,74.23,79.08
2014,영산대학교(산업대),본교,0.0,0.0
2014,영산선학대학교,본교,187.5,750.0
2014,예수대학교,본교,85.71,80.0
2014,예원예술대학교,본교,89.47,100.0
2014,용인대학교,본교,66.57,63.03
2014,우석대학교,본교,68.65,64.08
2014,우송대학교,본교,68.69,64.91
2014,우송대학교(산업대),본교,0.0,0.0
2014,울산대학교,본교,146.52,127.0
2014,원광대학교,본교,76.68,74.67
2014,위덕대학교,본교,69.02,75.15
2014,을지대학교,본교,368.06,348.68
2014,이화여자대학교,본교,90.31,83.71
2014,인제대학교,본교,58.85,57.66
2014,인천가톨릭대학교,본교,190.0,237.5
2014,인하대학교,본교,89.85,75.63
2014,장로회신학대학교,본교,62.99,62.5
2014,전주대학교,본교,65.49,62.0
2014,정석대학,본교,0.0,0.0
2014,제주국제대학교,본교,73.11,207.14
2014,조선대학교,본교,68.56,65.56
2014,중부대학교,본교,69.25,68.47
2014,중앙대학교,본교,85.74,73.3
2014,중앙승가대학교,본교,64.0,114.29
2014,중원대학교,본교,81.77,107.25
2014,차의과학대학교,본교,207.26,237.82
2014,창신대학교,본교,106.12,126.83
2014,청운대학교,본교,63.88,55.08
2014,청주대학교,본교,68.66,66.28
2014,초당대학교,본교,87.6,103.67
2014,초당대학교(산업대),본교,0.0,0.0
2014,총신대학교,본교,72.41,69.61
2014,추계예술대학교,본교,65.33,72.06
2014,침례신학대학교,본교,41.46,41.8
2014,칼빈대학교,본교,30.77,38.71
2014,탐라대학교,본교,0.0,0.0
2014,평택대학교,본교,65.88,64.95
2014,포항공과대학교,본교,109.35,131.86
2014,한국국제대학교,본교,63.29,69.31
2014,한국기술교육대학교,본교,82.46,69.05
2014,한국산업기술대학교,본교,95.22,136.02
2014,한국산업기술대학교(산업대),본교,0.0,0.0
2014,한국성서대학교,본교,85.19,71.88
2014,한국외국어대학교,본교,84.62,75.64
2014,한국항공대학교,본교,71.16,60.96
2014,한남대학교,본교,67.15,63.75
2014,한동대학교,본교,77.84,65.66
2014,한라대학교,본교,69.35,67.19
2014,한려대학교,본교,61.54,188.24
2014,한려대학교(산업대),본교,0.0,0.0
2014,한림대학교,본교,176.87,163.88
2014,한북대학교,본교,0.0,0.0
2014,한서대학교,본교,79.53,71.29
2014,한성대학교,본교,75.21,70.03
2014,한세대학교,본교,75.0,68.72
2014,한신대학교,본교,71.2,66.42
2014,한양대학교,본교,86.34,80.46
2014,한일장신대학교,본교,67.16,78.95
2014,한중대학교,본교,60.4,112.5
2014,협성대학교,본교,72.84,74.45
2014,호남대학교,본교,70.54,70.73
2014,호남신학대학교,본교,59.68,67.27
2014,호서대학교,본교,65.06,63.66
2014,호원대학교,본교,61.57,64.96
2014,홍익대학교,본교,72.34,65.29
2015,가야대학교(김해),본교,71.01,74.81
2015,가천대학교,본교,91.06,80.94
2015,가톨릭관동대학교,본교,93.37,99.56
2015,가톨릭대학교,본교,66.94,63.52
2015,감리교신학대학교,본교,40.85,38.16
2015,강남대학교,본교,73.5,69.14
2015,강서대학교,본교,77.27,77.27
2015,건국대학교,본교,77.24,67.82
2015,건양대학교,본교,85.2,79.15
2015,경기대학교,본교,72.84,66.86
2015,경남대학교,본교,69.64,71.81
2015,경동대학교,본교,73.99,83.12
2015,경성대학교,본교,70.45,67.08
2015,경운대학교,본교,84.23,118.38
2015,경운대학교(산업대),본교,0.0,0.0
2015,경일대학교,본교,72.67,71.02
2015,경주대학교,본교,71.83,128.57
2015,경희대학교,본교,89.54,77.06
2015,계명대학교,본교,81.31,73.99
2015,고려대학교,본교,101.27,90.05
2015,고신대학교,본교,105.59,103.42
2015,광신대학교,본교,75.0,93.75
2015,광운대학교,본교,77.16,67.41
2015,광주가톨릭대학교,본교,177.78,266.67
2015,광주대학교,본교,74.01,72.18
2015,광주대학교(산업대),본교,0.0,0.0
2015,광주여자대학교,본교,71.79,69.65
2015,국민대학교,본교,82.31,70.73
2015,극동대학교,본교,70.37,75.25
2015,금강대학교,본교,96.55,127.27
2015,김천대학교,본교,78.95,81.97
2015,꽃동네대학교,본교,81.48,81.48
2015,나사렛대학교,본교,68.65,65.04
2015,남부대학교,본교,70.29,69.89
2015,남서울대학교,본교,75.0,98.31
2015,남서울대학교(산업대),본교,0.0,0.0
2015,단국대학교,본교,78.13,70.97
2015,대구가톨릭대학교,본교,92.6,86.57
2015,대구대학교,본교,68.54,64.44
2015,대구예술대학교,본교,52.13,66.22
2015,대구외국어대학교,본교,76.19,114.29
2015,대구한의대학교,본교,64.6,64.43
2015,대신대학교,본교,83.33,115.38
2015,대전가톨릭대학교,본교,91.67,183.33
2015,대전대학교,본교,64.83,64.83
2015,대전신학교,본교,0.0,0.0
2015,대전신학대학교,본교,58.82,71.43
2015,대진대학교,본교,72.42,72.05
2015,덕성여자대학교,본교,77.13,67.69
2015,동국대학교,본교,90.34,78.6
2015,동덕여자대학교,본교,69.05,62.27
2015,동명대학교,본교,77.08,68.36
2015,동명정보대학교,본교,0.0,0.0
2015,동서대학교,본교,72.55,67.41
2015,동신대학교,본교,75.27,70.71
2015,동아대학교,본교,83.64,77.74
2015,동양대학교,본교,71.24,73.52
2015,동의대학교,본교,76.71,76.43
2015,루터대학교,본교,80.95,85.0
2015,명지대학교,본교,83.0,78.3
2015,목원대학교,본교,72.85,70.09
2015,목포가톨릭대학교,본교,72.0,69.23
2015,배재대학교,본교,72.67,69.43
2015,백석대학교,본교,73.46,70.56
2015,부산가톨릭대학교,본교,73.82,68.45
2015,부산외국어대학교,본교,78.13,72.89
2015,부산장신대학교,본교,85.71,96.0
2015,삼육대학교,본교,70.22,65.64
2015,상명대학교,본교,79.82,68.15
2015,상지대학교,본교,62.38,66.16
2015,서강대학교,본교,76.88,77.29
2015,서경대학교,본교,72.01,66.35
2015,서남대학교,본교,79.06,218.84
2015,서울기독대학교,본교,70.21,78.57
2015,서울신학대학교,본교,66.67,64.05
2015,서울여자대학교,본교,71.3,65.95
2015,서울장신대학교,본교,88.1,84.09
2015,서울한영대학교,본교,91.49,87.76
2015,서원대학교,본교,75.61,73.81
2015,선문대학교,본교,76.64,72.52
2015,성결대학교,본교,76.43,71.02
2015,성공회대학교,본교,68.03,69.17
2015,성균관대학교,본교,118.58,101.14
2015,성신여자대학교,본교,72.48,69.14
2015,세명대학교,본교,70.1,68.59
2015,세종대학교,본교,72.94,66.87
2015,세한대학교,본교,49.72,52.94
2015,송원대학교,본교,78.52,105.41
2015,수원가톨릭대학교,본교,63.16,120.0
2015,수원대학교,본교,65.97,68.72
2015,숙명여자대학교,본교,76.75,76.1
2015,순복음총회신학교,본교,94.12,114.29
2015,순천향대학교,본교,139.17,136.69
2015,숭실대학교,본교,75.66,65.86
2015,신경대학교,본교,87.5,116.67
2015,신라대학교,본교,76.24,71.89
2015,신한대학교,본교,117.95,104.55
2015,아세아연합신학대학교,본교,76.83,88.73
2015,아주대학교,본교,96.41,84.11
2015,안양대학교,본교,74.5,73.91
2015,연세대학교,본교,107.34,89.45
2015,영남대학교,본교,81.42,74.5
2015,영남신학대학교,본교,66.67,77.78
2015,영동대학교,본교,64.88,72.68
2015,영산대학교,본교,77.07,79.08
2015,영산대학교(산업대),본교,0.0,0.0
2015,영산선학대학교,본교,175.0,700.0
2015,예수대학교,본교,85.71,82.76
2015,예원예술대학교,본교,128.57,163.64
2015,용인대학교,본교,68.45,66.67
2015,우석대학교,본교,68.28,66.67
2015,우송대학교,본교,68.87,61.89
2015,우송대학교(산업대),본교,0.0,0.0
2015,울산대학교,본교,147.58,138.99
2015,원광대학교,본교,79.18,78.1
2015,위덕대학교,본교,70.88,78.66
2015,을지대학교,본교,373.24,339.74
2015,이화여자대학교,본교,90.7,87.84
2015,인제대학교,본교,71.16,70.24
2015,인천가톨릭대학교,본교,180.0,257.14
2015,인하대학교,본교,90.07,76.66
2015,장로회신학대학교,본교,62.2,62.2
2015,전주대학교,본교,66.13,64.63
2015,정석대학,본교,0.0,0.0
2015,제주국제대학교,본교,57.23,140.0
2015,조선대학교,본교,67.28,65.86
2015,중부대학교,본교,73.9,75.83
2015,중앙대학교,본교,88.45,76.88
2015,중앙승가대학교,본교,64.0,123.08
2015,중원대학교,본교,76.44,92.98
2015,차의과학대학교,본교,197.4,224.26
2015,창신대학교,본교,68.92,87.93
2015,청운대학교,본교,67.3,57.47
2015,청주대학교,본교,72.32,71.45
2015,초당대학교,본교,69.46,87.22
2015,초당대학교(산업대),본교,0.0,0.0
2015,총신대학교,본교,70.69,68.33
2015,추계예술대학교,본교,64.47,71.01
2015,침례신학대학교,본교,43.09,44.17
2015,칼빈대학교,본교,54.55,66.67
2015,탐라대학교,본교,0.0,0.0
2015,평택대학교,본교,67.62,65.14
2015,포항공과대학교,본교,107.66,129.61
2015,한국국제대학교,본교,69.5,77.65
2015,한국기술교육대학교,본교,84.91,72.0
2015,한국산업기술대학교,본교,77.78,108.96
2015,한국산업기술대학교(산업대),본교,0.0,0.0
2015,한국성서대학교,본교,88.89,78.69
2015,한국외국어대학교,본교,89.99,81.7
2015,한국항공대학교,본교,71.3,64.44
2015,한남대학교,본교,70.54,67.77
2015,한동대학교,본교,85.12,70.1
2015,한라대학교,본교,72.73,70.83
2015,한려대학교,본교,62.0,158.97
2015,한려대학교(산업대),본교,0.0,0.0
2015,한림대학교,본교,180.97,169.71
2015,한북대학교,본교,0.0,0.0
2015,한서대학교,본교,78.55,74.37
2015,한성대학교,본교,76.37,72.01
2015,한세대학교,본교,80.0,74.58
2015,한신대학교,본교,71.26,66.92
2015,한양대학교,본교,90.98,80.91
2015,한일장신대학교,본교,68.66,79.31
2015,한중대학교,본교,53.15,110.14
2015,협성대학교,본교,71.18,75.12
2015,호남대학교,본교,77.75,73.6
2015,호남신학대학교,본교,64.52,76.92
2015,호서대학교,본교,66.62,65.08
2015,호원대학교,본교,67.68,64.73
2015,홍익대학교,본교,72.95,66.0
2016,가야대학교(김해),본교,67.88,73.81
2016,가천대학교,본교,92.84,82.47
2016,가톨릭관동대학교,본교,91.33,97.96
2016,가톨릭대학교,본교,67.12,64.51
2016,감리교신학대학교,본교,37.5,34.62
2016,강남대학교,본교,76.6,74.45
2016,강서대학교,본교,77.61,78.79
2016,건국대학교,본교,77.56,68.79
2016,건양대학교,본교,84.49,80.2
2016,경기대학교,본교,71.88,67.65
2016,경남대학교,본교,69.8,73.66
2016,경동대학교,본교,68.45,75.29
2016,경성대학교,본교,74.38,72.58
2016,경운대학교,본교,76.38,92.82
2016,경운대학교(산업대),본교,0.0,0.0
2016,경일대학교,본교,75.52,72.29
2016,경주대학교,본교,68.25,116.22
2016,경희대학교,본교,89.3,77.12
2016,계명대학교,본교,82.61,76.75
2016,고려대학교,본교,98.7,91.17
2016,고신대학교,본교,110.04,110.04
2016,광신대학교,본교,84.75,102.04
2016,광운대학교,본교,77.7,69.54
2016,광주가톨릭대학교,본교,177.78,320.0
2016,광주대학교,본교,76.18,72.75
2016,광주여자대학교,본교,72.25,71.13
2016,국민대학교,본교,86.15,74.71
2016,극동대학교,본교,70.56,75.12
2016,금강대학교,본교,100.0,121.74
2016,김천대학교,본교,69.68,71.98
2016,꽃동네대학교,본교,81.48,88.0
2016,나사렛대학교,본교,68.7,65.5
2016,남부대학교,본교,72.94,73.37
2016,남서울대학교,본교,73.8,84.5
2016,남서울대학교(산업대),본교,0.0,0.0
2016,단국대학교,본교,76.88,71.82
2016,대구가톨릭대학교,본교,94.1,86.97
2016,대구대학교,본교,70.42,68.28
2016,대구예술대학교,본교,50.54,65.28
2016,대구외국어대학교,본교,71.43,107.14
2016,대구한의대학교,본교,67.82,65.89
2016,대신대학교,본교,75.0,108.0
2016,대전가톨릭대학교,본교,100.0,200.0
2016,대전대학교,본교,68.61,68.48
2016,대전신학교,본교,0.0,0.0
2016,대전신학대학교,본교,58.82,71.43
2016,대진대학교,본교,70.13,71.62
2016,덕성여자대학교,본교,74.03,67.25
2016,동국대학교,본교,88.65,79.06
2016,동덕여자대학교,본교,70.0,68.79
2016,동명대학교,본교,75.07,69.88
2016,동서대학교,본교,73.63,68.75
2016,동신대학교,본교,76.78,72.05
2016,동아대학교,본교,84.06,79.17
2016,동양대학교,본교,69.06,72.3
2016,동의대학교,본교,76.63,75.38
2016,루터대학교,본교,80.95,89.47
2016,명지대학교,본교,85.71,80.68
2016,목원대학교,본교,71.67,70.0
2016,목포가톨릭대학교,본교,72.0,64.29
2016,배재대학교,본교,72.79,70.24
2016,백석대학교,본교,74.22,72.28
2016,부산가톨릭대학교,본교,75.0,69.46
2016,부산외국어대학교,본교,80.0,73.18
2016,부산장신대학교,본교,82.14,88.46
2016,삼육대학교,본교,76.32,70.49
2016,상명대학교,본교,81.42,68.85
2016,상지대학교,본교,66.59,75.68
2016,서강대학교,본교,76.81,78.62
2016,서경대학교,본교,75.77,69.81
2016,서남대학교,본교,73.81,179.71
2016,서울기독대학교,본교,68.09,86.49
2016,서울신학대학교,본교,67.35,65.13
2016,서울여자대학교,본교,71.39,66.12
2016,서울장신대학교,본교,86.05,86.05
2016,서울한영대학교,본교,91.49,87.76
2016,서원대학교,본교,73.07,69.82
2016,선문대학교,본교,76.61,74.62
2016,성결대학교,본교,79.09,75.91
2016,성공회대학교,본교,70.0,73.04
2016,성균관대학교,본교,119.03,103.03
2016,성신여자대학교,본교,70.64,69.02
2016,세명대학교,본교,70.18,70.0
2016,세종대학교,본교,73.52,66.82
2016,세한대학교,본교,69.67,73.5
2016,송원대학교,본교,80.26,100.83
2016,수원가톨릭대학교,본교,63.16,133.33
2016,수원대학교,본교,71.38,75.05
2016,숙명여자대학교,본교,80.76,80.07
2016,순복음총회신학교,본교,88.24,100.0
2016,순천향대학교,본교,145.08,143.14
2016,숭실대학교,본교,76.83,67.21
2016,신경대학교,본교,89.09,128.95
2016,신라대학교,본교,77.11,73.99
2016,신한대학교,본교,85.45,74.6
2016,아세아연합신학대학교,본교,74.07,85.71
2016,아주대학교,본교,99.42,88.43
2016,안양대학교,본교,71.03,78.51
2016,연세대학교,본교,107.85,91.4
2016,영남대학교,본교,81.29,75.02
2016,영남신학대학교,본교,78.57,97.06
2016,영산대학교,본교,83.67,83.11
2016,영산대학교(산업대),본교,0.0,0.0
2016,영산선학대학교,본교,175.0,700.0
2016,예수대학교,본교,85.71,80.0
2016,예원예술대학교,본교,130.23,169.7
2016,용인대학교,본교,69.37,66.76
2016,우석대학교,본교,65.1,63.68
2016,우송대학교,본교,73.5,65.48
2016,우송대학교(산업대),본교,0.0,0.0
2016,울산대학교,본교,148.72,144.43
2016,원광대학교,본교,76.81,78.22
2016,위덕대학교,본교,71.82,80.75
2016,유원대학교,본교,67.16,76.54
2016,을지대학교,본교,359.15,335.53
2016,이화여자대학교,본교,90.34,86.14
2016,인제대학교,본교,72.57,72.3
2016,인천가톨릭대학교,본교,200.0,285.71
2016,인하대학교,본교,89.92,78.85
2016,장로회신학대학교,본교,61.42,61.42
2016,전주대학교,본교,66.79,64.67
2016,정석대학,본교,0.0,0.0
2016,제주국제대학교,본교,56.97,110.59
2016,조선대학교,본교,66.18,65.44
2016,중부대학교,본교,70.45,71.63
2016,중앙대학교,본교,87.31,77.01
2016,중앙승가대학교,본교,80.0,153.85
2016,중원대학교,본교,81.55,97.11
2016,차의과학대학교,본교,211.22,225.0
2016,창신대학교,본교,82.47,108.11
2016,청운대학교,본교,68.94,57.96
2016,청주대학교,본교,72.95,72.82
2016,초당대학교,본교,67.08,77.14
2016,초당대학교(산업대),본교,0.0,0.0
2016,총신대학교,본교,74.14,70.11
2016,추계예술대학교,본교,65.33,70.0
2016,침례신학대학교,본교,42.98,43.33
2016,칼빈대학교,본교,57.58,67.86
2016,탐라대학교,본교,0.0,0.0
2016,평택대학교,본교,71.77,69.77
2016,포항공과대학교,본교,108.87,128.57
2016,한국국제대학교,본교,71.81,78.95
2016,한국기술교육대학교,본교,86.67,77.12
2016,한국산업기술대학교,본교,82.15,91.73
2016,한국산업기술대학교(산업대),본교,0.0,0.0
2016,한국성서대학교,본교,81.82,78.95
2016,한국외국어대학교,본교,89.8,80.92
2016,한국항공대학교,본교,71.03,64.96
2016,한남대학교,본교,72.09,71.03
2016,한동대학교,본교,85.71,71.64
2016,한라대학교,본교,75.27,72.49
2016,한려대학교,본교,61.7,152.63
2016,한림대학교,본교,179.15,174.45
2016,한북대학교,본교,0.0,0.0
2016,한서대학교,본교,77.9,72.87
2016,한성대학교,본교,76.47,74.29
2016,한세대학교,본교,79.88,74.86
2016,한신대학교,본교,71.14,68.63
2016,한양대학교,본교,92.59,80.32
2016,한일장신대학교,본교,69.23,77.59
2016,한중대학교,본교,54.74,133.93
2016,협성대학교,본교,70.22,75.6
2016,호남대학교,본교,77.22,73.35
2016,호남신학대학교,본교,62.3,74.51
2016,호서대학교,본교,71.56,71.13
2016,호원대학교,본교,72.48,68.75
2016,홍익대학교,본교,73.06,66.33
2017,가야대학교(김해),본교,69.85,75.4
2017,가천대학교,본교,95.5,84.88
2017,가톨릭관동대학교,본교,109.96,122.41
2017,가톨릭대학교,본교,70.17,68.1
2017,감리교신학대학교,본교,36.11,34.21
2017,강남대학교,본교,78.5,77.24
2017,강서대학교,본교,75.76,78.13
2017,건국대학교,본교,76.89,68.02
2017,건양대학교,본교,83.71,80.54
2017,건양사이버대학교,본교,100.0,100.0
2017,경기대학교,본교,73.75,70.66
2017,경남대학교,본교,71.59,76.51
2017,경동대학교,본교,80.0,78.43
2017,경성대학교,본교,76.44,75.54
2017,경운대학교,본교,85.02,93.33
2017,경운대학교(산업대),본교,0.0,0.0
2017,경일대학교,본교,77.44,74.27
2017,경주대학교,본교,60.12,109.78
2017,경희대학교,본교,92.9,81.57
2017,경희사이버대학교,본교,106.12,113.04
2017,계명대학교,본교,83.44,79.17
2017,고려대학교,본교,98.17,91.48
2017,고려사이버대학교,본교,113.16,89.58
2017,고신대학교,본교,113.36,112.95
2017,광신대학교,본교,87.72,106.38
2017,광운대학교,본교,77.59,71.06
2017,광주가톨릭대학교,본교,166.67,300.0
2017,광주대학교,본교,75.68,72.83
2017,광주여자대학교,본교,71.35,69.47
2017,국민대학교,본교,86.06,75.0
2017,국제사이버대학교,본교,114.29,106.67
2017,극동대학교,본교,71.01,79.03
2017,글로벌사이버대학교,본교,93.75,125.0
2017,금강대학교,본교,107.14,130.43
2017,김천대학교,본교,83.87,93.98
2017,꽃동네대학교,본교,84.62,95.65
2017,나사렛대학교,본교,80.42,75.1
2017,남부대학교,본교,74.1,71.1
2017,남서울대학교,본교,77.9,80.05
2017,남서울대학교(산업대),본교,0.0,0.0
2017,단국대학교,본교,76.92,72.25
2017,대구가톨릭대학교,본교,94.01,87.62
2017,대구대학교,본교,71.14,70.83
2017,대구사이버대학교,본교,130.0,108.33
2017,대구예술대학교,본교,48.39,66.18
2017,대구외국어대학교,본교,66.67,107.69
2017,대구한의대학교,본교,71.2,70.43
2017,대신대학교,본교,66.67,85.71
2017,대전가톨릭대학교,본교,91.67,220.0
2017,대전대학교,본교,69.29,70.23
2017,대전신학교,본교,0.0,0.0
2017,대전신학대학교,본교,52.94,75.0
2017,대진대학교,본교,71.58,74.11
2017,덕성여자대학교,본교,75.58,70.4
2017,동국대학교,본교,94.21,85.04
2017,동덕여자대학교,본교,71.69,71.26
2017,동명대학교,본교,76.36,71.5
2017,동서대학교,본교,73.61,69.46
2017,동신대학교,본교,78.06,73.95
2017,동아대학교,본교,84.98,80.62
2017,동양대학교,본교,71.95,73.61
2017,동의대학교,본교,75.91,72.33
2017,디지털서울문화예술대학교,본교,127.78,115.0
2017,루터대학교,본교,105.0,116.67
2017,명지대학교,본교,86.02,80.0
2017,목원대학교,본교,73.65,73.46
2017,목포가톨릭대학교,본교,84.0,77.78
2017,배재대학교,본교,75.7,76.78
2017,백석대학교,본교,75.61,74.48
2017,부산가톨릭대학교,본교,79.14,72.55
2017,부산디지털대학교,본교,113.33,121.43
2017,부산외국어대학교,본교,81.46,74.94
2017,부산장신대학교,본교,82.76,96.0
2017,사이버한국외국어대학교,본교,133.33,110.34
2017,삼육대학교,본교,83.65,76.39
2017,상명대학교,본교,80.88,68.98
2017,상지대학교,본교,68.41,81.85
2017,서강대학교,본교,75.18,77.37
2017,서경대학교,본교,76.63,69.47
2017,서남대학교,본교,119.05,273.44
2017,서울기독대학교,본교,73.33,91.67
2017,서울디지털대학교,본교,110.0,93.22
2017,서울사이버대학교,본교,105.66,107.69
2017,서울신학대학교,본교,70.75,68.87
2017,서울여자대학교,본교,72.37,69.45
2017,서울장신대학교,본교,90.48,88.37
2017,서울한영대학교,본교,91.3,93.33
2017,서원대학교,본교,78.68,73.82
2017,선문대학교,본교,77.1,75.22
2017,성결대학교,본교,77.39,76.23
2017,성공회대학교,본교,69.75,71.55
2017,성균관대학교,본교,121.27,106.44
2017,성신여자대학교,본교,71.31,70.85
2017,세명대학교,본교,73.15,74.09
2017,세종대학교,본교,79.57,71.66
2017,세종사이버대학교,본교,97.14,117.24
2017,세한대학교,본교,70.53,72.28
2017,송원대학교,본교,81.41,98.45
2017,수원가톨릭대학교,본교,47.37,112.5
2017,수원대학교,본교,75.61,78.9
2017,숙명여자대학교,본교,79.41,81.1
2017,순복음총회신학교,본교,93.75,136.36
2017,순천향대학교,본교,153.32,152.28
2017,숭실대학교,본교,78.35,68.25
2017,숭실사이버대학교,본교,132.0,113.79
2017,신경대학교,본교,79.63,130.3
2017,신라대학교,본교,79.32,75.7
2017,신한대학교,본교,59.15,53.85
2017,아세아연합신학대학교,본교,73.75,85.51
2017,아주대학교,본교,103.38,93.11
2017,안양대학교,본교,74.0,79.4
2017,연세대학교,본교,108.7,94.3
2017,영남대학교,본교,81.35,76.51
2017,영남신학대학교,본교,75.61,91.18
2017,영산대학교,본교,70.27,73.24
2017,영산대학교(산업대),본교,0.0,0.0
2017,영산선학대학교,본교,175.0,700.0
2017,예수대학교,본교,82.14,79.31
2017,예원예술대학교,본교,132.61,169.44
2017,용인대학교,본교,71.0,69.53
2017,우석대학교,본교,67.34,66.33
2017,우송대학교,본교,84.05,71.09
2017,우송대학교(산업대),본교,0.0,0.0
2017,울산대학교,본교,150.95,150.34
2017,원광대학교,본교,80.53,84.13
2017,원광디지털대학교,본교,116.67,112.0
2017,위덕대학교,본교,73.18,80.86
2017,유원대학교,본교,67.48,78.09
2017,을지대학교,본교,358.33,353.42
2017,이화여자대학교,본교,90.88,86.55
2017,인제대학교,본교,73.8,74.66
2017,인천가톨릭대학교,본교,244.44,366.67
2017,인하대학교,본교,90.47,80.37
2017,장로회신학대학교,본교,62.2,62.7
2017,전주대학교,본교,70.5,67.98
2017,정석대학,본교,0.0,0.0
2017,제주국제대학교,본교,51.81,106.17
2017,조선대학교,본교,69.09,68.86
2017,중부대학교,본교,71.22,72.1
2017,중앙대학교,본교,89.0,76.69
2017,중앙승가대학교,본교,76.0,146.15
2017,중원대학교,본교,77.45,87.29
2017,차의과학대학교,본교,207.77,204.78
2017,창신대학교,본교,81.19,100.0
2017,청운대학교,본교,75.0,62.5
2017,청주대학교,본교,71.94,74.18
2017,초당대학교,본교,67.5,72.48
2017,초당대학교(산업대),본교,0.0,0.0
2017,총신대학교,본교,72.41,68.85
2017,추계예술대학교,본교,64.47,70.0
2017,침례신학대학교,본교,42.86,43.59
2017,칼빈대학교,본교,75.0,85.71
2017,탐라대학교,본교,0.0,0.0
2017,평택대학교,본교,80.29,79.52
2017,포항공과대학교,본교,115.64,135.1
2017,한국국제대학교,본교,71.51,78.85
2017,한국기술교육대학교,본교,88.41,77.87
2017,한국산업기술대학교,본교,93.24,92.0
2017,한국산업기술대학교(산업대),본교,0.0,0.0
2017,한국성서대학교,본교,83.64,79.31
2017,한국열린사이버대학교,본교,100.0,75.0
2017,한국외국어대학교,본교,90.59,80.12
2017,한국항공대학교,본교,76.89,70.26
2017,한남대학교,본교,73.08,73.33
2017,한동대학교,본교,88.69,72.33
2017,한라대학교,본교,75.42,73.77
2017,한려대학교,본교,63.22,177.42
2017,한림대학교,본교,182.09,180.04
2017,한북대학교,본교,0.0,0.0
2017,한서대학교,본교,75.35,69.45
2017,한성대학교,본교,77.18,76.72
2017,한세대학교,본교,81.37,75.72
2017,한신대학교,본교,70.25,69.67
2017,한양대학교,본교,89.33,81.11
2017,한양사이버대학교,본교,116.95,90.79
2017,한일장신대학교,본교,70.31,81.82
2017,한중대학교,본교,51.94,159.52
2017,협성대학교,본교,74.09,80.69
2017,호남대학교,본교,80.46,74.27
2017,호남신학대학교,본교,62.3,77.55
2017,호서대학교,본교,72.49,74.41
2017,호원대학교,본교,70.63,65.68
2017,홍익대학교,본교,73.62,68.25
2017,화신사이버대학교,본교,142.86,166.67
2018,가야대학교(김해),본교,70.37,74.22
2018,가천대학교,본교,100.33,87.82
2018,가톨릭관동대학교,본교,100.22,109.13
2018,가톨릭대학교,본교,72.32,68.63
2018,감리교신학대학교,본교,34.72,33.33
2018,강남대학교,본교,78.33,74.6
2018,강서대학교,본교,66.15,66.15
2018,건국대학교,본교,77.74,68.13
2018,건양대학교,본교,86.25,81.18
2018,건양사이버대학교,본교,100.0,88.89
2018,경기대학교,본교,80.81,79.33
2018,경남대학교,본교,72.76,75.54
2018,경동대학교,본교,83.18,75.42
2018,경성대학교,본교,74.35,71.38
2018,경운대학교,본교,83.88,89.82
2018,경운대학교(산업대),본교,0.0,0.0
2018,경일대학교,본교,77.95,74.7
2018,경주대학교,본교,57.14,123.53
2018,경희대학교,본교,93.94,80.83
2018,경희사이버대학교,본교,104.0,113.04
2018,계명대학교,본교,87.33,82.24
2018,고려대학교,본교,97.35,91.15
2018,고려사이버대학교,본교,107.69,91.3
2018,고신대학교,본교,116.18,119.25
2018,광신대학교,본교,85.71,94.12
2018,광운대학교,본교,77.2,72.06
2018,광주가톨릭대학교,본교,166.67,300.0
2018,광주대학교,본교,79.38,72.68
2018,광주여자대학교,본교,75.14,73.51
2018,국민대학교,본교,83.94,71.25
2018,국제사이버대학교,본교,107.14,93.75
2018,극동대학교,본교,72.91,79.14
2018,글로벌사이버대학교,본교,106.67,133.33
2018,금강대학교,본교,107.69,121.74
2018,김천대학교,본교,85.25,96.89
2018,꽃동네대학교,본교,84.62,91.67
2018,나사렛대학교,본교,79.15,74.4
2018,남부대학교,본교,77.3,71.59
2018,남서울대학교,본교,81.69,76.12
2018,남서울대학교(산업대),본교,0.0,0.0
2018,단국대학교,본교,76.32,70.43
2018,대구가톨릭대학교,본교,96.59,91.05
2018,대구대학교,본교,71.18,71.35
2018,대구사이버대학교,본교,130.0,113.04
2018,대구예술대학교,본교,47.25,71.67
2018,대구한의대학교,본교,71.27,67.01
2018,대신대학교,본교,77.14,90.0
2018,대전가톨릭대학교,본교,108.33,260.0
2018,대전대학교,본교,70.55,70.55
2018,대전신학대학교,본교,70.59,109.09
2018,대진대학교,본교,73.78,74.18
2018,덕성여자대학교,본교,75.68,71.01
2018,동국대학교,본교,94.2,84.9
2018,동덕여자대학교,본교,73.39,71.64
2018,동명대학교,본교,77.56,72.54
2018,동서대학교,본교,75.94,72.31
2018,동신대학교,본교,79.04,74.01
2018,동아대학교,본교,84.8,80.26
2018,동양대학교,본교,73.15,73.49
2018,동의대학교,본교,76.53,72.76
2018,디지털서울문화예술대학교,본교,110.53,110.53
2018,루터대학교,본교,85.0,100.0
2018,명지대학교,본교,84.49,76.83
2018,목원대학교,본교,72.93,72.93
2018,목포가톨릭대학교,본교,84.0,80.77
2018,배재대학교,본교,75.18,75.0
2018,백석대학교,본교,76.47,73.73
2018,부산가톨릭대학교,본교,80.98,73.76
2018,부산디지털대학교,본교,126.67,146.15
2018,부산외국어대학교,본교,79.37,72.51
2018,부산장신대학교,본교,82.76,104.35
2018,사이버한국외국어대학교,본교,137.5,110.0
2018,삼육대학교,본교,80.69,71.82
2018,상명대학교,본교,83.44,72.18
2018,상지대학교,본교,68.22,80.73
2018,서강대학교,본교,73.39,76.11
2018,서경대학교,본교,84.27,75.31
2018,서울기독대학교,본교,73.33,84.62
2018,서울디지털대학교,본교,112.0,98.25
2018,서울사이버대학교,본교,107.41,109.43
2018,서울신학대학교,본교,71.03,67.76
2018,서울여자대학교,본교,71.04,67.93
2018,서울장신대학교,본교,90.48,92.68
2018,서울한영대학교,본교,91.11,102.5
2018,서원대학교,본교,77.07,73.78
2018,선문대학교,본교,76.21,72.85
2018,성결대학교,본교,70.27,69.73
2018,성공회대학교,본교,76.92,79.65
2018,성균관대학교,본교,124.7,106.34
2018,성신여자대학교,본교,70.72,70.41
2018,세명대학교,본교,74.67,74.87
2018,세종대학교,본교,84.94,75.88
2018,세종사이버대학교,본교,97.14,97.14
2018,세한대학교,본교,74.63,73.89
2018,송원대학교,본교,71.61,79.29
2018,수원가톨릭대학교,본교,42.11,88.89
2018,수원대학교,본교,74.8,75.84
2018,숙명여자대학교,본교,79.03,80.57
2018,순복음총회신학교,본교,81.25,118.18
2018,순천향대학교,본교,159.52,154.44
2018,숭실대학교,본교,81.03,68.82
2018,숭실사이버대학교,본교,136.0,117.24
2018,신경대학교,본교,69.23,112.5
2018,신라대학교,본교,77.14,71.22
2018,신한대학교,본교,65.28,62.67
2018,아세아연합신학대학교,본교,74.68,88.06
2018,아주대학교,본교,106.57,94.2
2018,안양대학교,본교,71.72,73.53
2018,연세대학교,본교,108.65,95.66
2018,영남대학교,본교,79.79,75.59
2018,영남신학대학교,본교,80.0,91.43
2018,영산대학교,본교,74.65,71.62
2018,영산선학대학교,본교,175.0,700.0
2018,예수대학교,본교,78.57,73.33
2018,예원예술대학교,본교,118.0,155.26
2018,용인대학교,본교,68.39,66.37
2018,우석대학교,본교,74.22,72.89
2018,우송대학교,본교,96.37,77.82
2018,우송대학교(산업대),본교,0.0,0.0
2018,울산대학교,본교,154.51,155.57
2018,원광대학교,본교,81.29,82.99
2018,원광디지털대학교,본교,104.0,100.0
2018,위덕대학교,본교,72.57,79.87
2018,유원대학교,본교,80.4,89.39
2018,을지대학교,본교,368.06,353.33
2018,이화여자대학교,본교,91.82,88.02
2018,인제대학교,본교,74.37,76.91
2018,인천가톨릭대학교,본교,255.56,383.33
2018,인하대학교,본교,91.56,80.6
2018,장로회신학대학교,본교,62.2,64.23
2018,전주대학교,본교,77.9,73.3
2018,정석대학,본교,0.0,0.0
2018,제주국제대학교,본교,47.24,102.67
2018,조선대학교,본교,74.8,73.37
2018,중부대학교,본교,72.39,72.03
2018,중앙대학교,본교,95.01,79.73
2018,중앙승가대학교,본교,68.0,154.55
2018,중원대학교,본교,78.11,79.29
2018,차의과학대학교,본교,199.54,190.0
2018,창신대학교,본교,78.85,86.32
2018,청운대학교,본교,73.83,60.58
2018,청주대학교,본교,72.0,75.14
2018,초당대학교,본교,79.49,78.98
2018,초당대학교(산업대),본교,0.0,0.0
2018,총신대학교,본교,70.52,68.54
2018,추계예술대학교,본교,72.46,75.76
2018,침례신학대학교,본교,39.83,43.12
2018,칼빈대학교,본교,68.75,56.41
2018,탐라대학교,본교,0.0,0.0
2018,평택대학교,본교,77.45,79.8
2018,포항공과대학교,본교,112.75,136.06
2018,한국국제대학교,본교,74.19,85.82
2018,한국기술교육대학교,본교,87.75,79.2
2018,한국산업기술대학교,본교,93.94,86.11
2018,한국산업기술대학교(산업대),본교,0.0,0.0
2018,한국성서대학교,본교,81.48,73.33
2018,한국열린사이버대학교,본교,88.24,60.0
2018,한국외국어대학교,본교,90.99,79.02
2018,한국항공대학교,본교,81.9,76.44
2018,한남대학교,본교,73.95,70.5
2018,한동대학교,본교,90.42,74.38
2018,한라대학교,본교,71.84,70.62
2018,한려대학교,본교,67.09,176.67
2018,한림대학교,본교,179.13,181.21
2018,한북대학교,본교,0.0,0.0
2018,한서대학교,본교,80.53,71.65
2018,한성대학교,본교,78.77,74.85
2018,한세대학교,본교,81.48,77.19
2018,한신대학교,본교,73.53,72.02
2018,한양대학교,본교,94.13,84.3
2018,한양사이버대학교,본교,116.95,93.24
2018,한일장신대학교,본교,70.31,78.95
2018,협성대학교,본교,73.15,77.45
2018,호남대학교,본교,79.53,70.53
2018,호남신학대학교,본교,61.67,74.0
2018,호서대학교,본교,70.79,71.56
2018,호원대학교,본교,68.2,61.51
2018,홍익대학교,본교,75.0,67.58
2018,화신사이버대학교,본교,171.43,171.43
2019,가야대학교(김해),본교,64.44,73.11
2019,가천대학교,본교,101.01,86.42
2019,가톨릭관동대학교,본교,97.12,106.83
2019,가톨릭대학교,본교,72.39,68.35
2019,감리교신학대학교,본교,34.72,32.89
2019,강남대학교,본교,79.6,75.32
2019,강서대학교,본교,71.88,73.02
2019,건국대학교,본교,75.87,66.41
2019,건양대학교,본교,88.54,85.8
2019,건양사이버대학교,본교,140.0,110.53
2019,경기대학교,본교,75.27,71.36
2019,경남대학교,본교,72.79,77.53
2019,경동대학교,본교,114.49,101.28
2019,경성대학교,본교,74.61,72.22
2019,경운대학교,본교,81.82,88.0
2019,경일대학교,본교,78.75,75.22
2019,경주대학교,본교,50.34,131.58
2019,경희대학교,본교,95.16,79.67
2019,경희사이버대학교,본교,106.12,106.12
2019,계명대학교,본교,88.24,81.7
2019,고려대학교,본교,97.5,92.2
2019,고려사이버대학교,본교,112.82,95.65
2019,고신대학교,본교,110.74,114.56
2019,광신대학교,본교,87.72,98.04
2019,광운대학교,본교,76.5,68.45
2019,광주가톨릭대학교,본교,160.0,320.0
2019,광주대학교,본교,74.54,71.89
2019,광주여자대학교,본교,73.89,73.08
2019,국민대학교,본교,84.21,69.64
2019,국제사이버대학교,본교,100.0,93.75
2019,극동대학교,본교,73.0,81.11
2019,글로벌사이버대학교,본교,113.33,130.77
2019,금강대학교,본교,87.5,123.53
2019,김천대학교,본교,82.95,90.12
2019,꽃동네대학교,본교,96.0,100.0
2019,나사렛대학교,본교,75.0,71.9
2019,남부대학교,본교,77.78,73.68
2019,남서울대학교,본교,81.9,75.27
2019,남서울대학교(산업대),본교,0.0,0.0
2019,단국대학교,본교,75.66,68.64
2019,대구가톨릭대학교,본교,91.29,88.63
2019,대구대학교,본교,71.28,71.53
2019,대구사이버대학교,본교,114.29,109.09
2019,대구예술대학교,본교,45.56,73.21
2019,대구한의대학교,본교,69.61,69.42
2019,대신대학교,본교,85.71,96.77
2019,대전가톨릭대학교,본교,100.0,240.0
2019,대전대학교,본교,70.79,70.51
2019,대전신학대학교,본교,70.59,120.0
2019,대진대학교,본교,72.05,72.05
2019,덕성여자대학교,본교,73.05,70.04
2019,동국대학교,본교,90.77,80.85
2019,동덕여자대학교,본교,71.3,68.96
2019,동명대학교,본교,77.05,70.47
2019,동서대학교,본교,76.69,72.26
2019,동신대학교,본교,78.51,76.32
2019,동아대학교,본교,81.56,78.66
2019,동양대학교,본교,72.09,73.46
2019,동의대학교,본교,72.92,71.13
2019,디지털서울문화예술대학교,본교,110.53,110.53
2019,루터대학교,본교,78.95,88.24
2019,명지대학교,본교,83.29,75.77
2019,목원대학교,본교,71.76,70.5
2019,목포가톨릭대학교,본교,87.5,87.5
2019,배재대학교,본교,74.09,73.03
2019,백석대학교,본교,76.08,73.91
2019,부산가톨릭대학교,본교,78.38,72.5
2019,부산디지털대학교,본교,120.0,128.57
2019,부산외국어대학교,본교,77.78,72.09
2019,부산장신대학교,본교,82.14,115.0
2019,사이버한국외국어대학교,본교,141.67,106.25
2019,삼육대학교,본교,79.69,71.83
2019,상명대학교,본교,83.28,70.96
2019,상지대학교,본교,66.14,75.76
2019,서강대학교,본교,74.01,76.34
2019,서경대학교,본교,83.93,72.31
2019,서울기독대학교,본교,76.74,94.29
2019,서울디지털대학교,본교,100.0,96.23
2019,서울사이버대학교,본교,109.43,105.45
2019,서울신학대학교,본교,67.36,65.54
2019,서울여자대학교,본교,67.38,65.77
2019,서울장신대학교,본교,88.1,90.24
2019,서울한영대학교,본교,86.36,100.0
2019,서원대학교,본교,75.81,73.67
2019,선문대학교,본교,75.53,72.62
2019,성결대학교,본교,68.48,67.18
2019,성공회대학교,본교,71.55,74.77
2019,성균관대학교,본교,118.98,103.13
2019,성신여자대학교,본교,69.3,69.45
2019,세명대학교,본교,72.66,73.61
2019,세종대학교,본교,84.26,75.04
2019,세종사이버대학교,본교,100.0,87.8
2019,세한대학교,본교,74.61,74.23
2019,송원대학교,본교,68.59,78.1
2019,수원가톨릭대학교,본교,57.89,100.0
2019,수원대학교,본교,70.58,71.14
2019,숙명여자대학교,본교,77.95,79.33
2019,순복음총회신학교,본교,100.0,150.0
2019,순천향대학교,본교,161.46,157.09
2019,숭실대학교,본교,79.66,66.8
2019,숭실사이버대학교,본교,136.0,109.68
2019,신경대학교,본교,72.0,116.13
2019,신라대학교,본교,74.31,73.62
2019,신한대학교,본교,105.13,100.0
2019,아세아연합신학대학교,본교,70.89,90.32
2019,아주대학교,본교,107.73,94.77
2019,안양대학교,본교,73.53,74.15
2019,연세대학교,본교,111.3,96.62
2019,영남대학교,본교,81.97,78.66
2019,영남신학대학교,본교,82.05,91.43
2019,영산대학교,본교,77.37,74.65
2019,영산선학대학교,본교,137.5,550.0
2019,예수대학교,본교,81.48,75.86
2019,예원예술대학교,본교,116.67,136.59
2019,용인대학교,본교,67.18,64.41
2019,우석대학교,본교,74.08,69.7
2019,우송대학교,본교,89.58,71.37
2019,우송대학교(산업대),본교,0.0,0.0
2019,울산대학교,본교,156.0,152.22
2019,원광대학교,본교,78.76,80.31
2019,원광디지털대학교,본교,96.0,88.89
2019,위덕대학교,본교,72.41,82.35
2019,유원대학교,본교,78.35,91.57
2019,을지대학교,본교,375.68,356.41
2019,이화여자대학교,본교,89.07,85.28
2019,인제대학교,본교,74.4,75.45
2019,인천가톨릭대학교,본교,287.5,460.0
2019,인하대학교,본교,91.66,80.31
2019,장로회신학대학교,본교,63.49,63.49
2019,전주대학교,본교,72.31,68.99
2019,정석대학,본교,0.0,0.0
2019,제주국제대학교,본교,41.29,96.97
2019,조선대학교,본교,72.69,73.15
2019,중부대학교,본교,72.22,69.76
2019,중앙대학교,본교,94.18,78.64
2019,중앙승가대학교,본교,68.0,154.55
2019,중원대학교,본교,73.87,73.87
2019,차의과학대학교,본교,195.54,189.61
2019,창신대학교,본교,80.77,80.77
2019,청운대학교,본교,75.2,61.04
2019,청주대학교,본교,71.72,73.48
2019,초당대학교,본교,75.32,76.82
2019,총신대학교,본교,63.58,62.15
2019,추계예술대학교,본교,69.57,71.64
2019,칼빈대학교,본교,71.88,53.49
2019,탐라대학교,본교,0.0,0.0
2019,평택대학교,본교,74.26,77.32
2019,포항공과대학교,본교,111.9,136.89
2019,한국국제대학교,본교,71.13,98.06
2019,한국기술교육대학교,본교,94.0,85.07
2019,한국산업기술대학교,본교,91.95,84.57
2019,한국산업기술대학교(산업대),본교,0.0,0.0
2019,한국성서대학교,본교,79.63,71.67
2019,한국열린사이버대학교,본교,100.0,60.71
2019,한국외국어대학교,본교,90.36,76.77
2019,한국침례신학대학교,본교,42.24,47.57
2019,한국항공대학교,본교,80.1,73.99
2019,한남대학교,본교,72.92,67.1
2019,한동대학교,본교,90.91,73.53
2019,한라대학교,본교,71.6,70.76
2019,한려대학교,본교,60.53,191.67
2019,한림대학교,본교,182.09,174.78
2019,한북대학교,본교,0.0,0.0
2019,한서대학교,본교,79.76,72.63
2019,한성대학교,본교,80.06,74.28
2019,한세대학교,본교,80.75,77.38
2019,한신대학교,본교,72.46,69.51
2019,한양대학교,본교,94.91,84.26
2019,한양사이버대학교,본교,122.03,91.14
2019,한일장신대학교,본교,73.02,69.7
2019,협성대학교,본교,72.51,76.12
2019,호남대학교,본교,78.81,70.78
2019,호남신학대학교,본교,67.24,79.59
2019,호서대학교,본교,71.03,70.05
2019,호원대학교,본교,64.19,56.54
2019,홍익대학교,본교,77.58,67.52
2019,화신사이버대학교,본교,137.5,157.14
2020,가야대학교(김해),본교,75.19,89.81
2020,가천대학교,본교,102.84,86.77
2020,가톨릭관동대학교,본교,94.63,103.17
2020,가톨릭대학교,본교,70.45,65.61
2020,감리교신학대학교,본교,34.72,32.89
2020,강남대학교,본교,80.13,75.32
2020,강서대학교,본교,75.81,75.81
2020,건국대학교,본교,74.89,66.12
2020,건양대학교,본교,88.31,88.31
2020,건양사이버대학교,본교,126.67,105.56
2020,경기대학교,본교,79.78,74.93
2020,경남대학교,본교,72.56,78.56
2020,경동대학교,본교,118.18,94.55
2020,경성대학교,본교,76.71,72.76
2020,경운대학교,본교,80.58,89.04
2020,경운대학교(산업대),본교,0.0,0.0
2020,경일대학교,본교,79.69,75.22
2020,경주대학교,본교,43.71,126.92
2020,경희대학교,본교,95.19,79.77
2020,경희사이버대학교,본교,106.12,104.0
2020,계명대학교,본교,87.07,81.93
2020,고려대학교,본교,100.34,94.8
2020,고려사이버대학교,본교,112.82,91.67
2020,고신대학교,본교,112.96,117.31
2020,광신대학교,본교,89.29,96.15
2020,광운대학교,본교,78.8,69.57
2020,광주가톨릭대학교,본교,180.0,300.0
2020,광주대학교,본교,78.29,74.42
2020,광주여자대학교,본교,72.38,70.43
2020,국민대학교,본교,90.85,76.1
2020,국제사이버대학교,본교,100.0,88.24
2020,극동대학교,본교,73.98,79.67
2020,글로벌사이버대학교,본교,106.25,106.25
2020,금강대학교,본교,60.87,82.35
2020,김천대학교,본교,82.21,88.74
2020,꽃동네대학교,본교,96.15,100.0
2020,나사렛대학교,본교,71.43,68.18
2020,남부대학교,본교,74.07,70.59
2020,남서울대학교,본교,77.21,70.79
2020,남서울대학교(산업대),본교,0.0,0.0
2020,단국대학교,본교,80.31,74.0
2020,대구가톨릭대학교,본교,90.95,88.68
2020,대구대학교,본교,70.09,69.6
2020,대구사이버대학교,본교,114.29,109.09
2020,대구예술대학교,본교,40.91,75.0
2020,대구한의대학교,본교,67.96,63.73
2020,대신대학교,본교,100.0,112.9
2020,대전가톨릭대학교,본교,100.0,300.0
2020,대전대학교,본교,71.49,70.47
2020,대전신학대학교,본교,68.75,110.0
2020,대진대학교,본교,69.89,69.51
2020,덕성여자대학교,본교,73.39,69.2
2020,동국대학교,본교,89.97,79.67
2020,동덕여자대학교,본교,70.06,67.36
2020,동명대학교,본교,78.41,72.06
2020,동서대학교,본교,77.99,73.0
2020,동신대학교,본교,75.57,75.14
2020,동아대학교,본교,82.74,79.1
2020,동양대학교,본교,69.48,73.63
2020,동의대학교,본교,75.26,75.46
2020,디지털서울문화예술대학교,본교,115.79,115.79
2020,루터대학교,본교,100.0,105.56
2020,명지대학교,본교,82.72,79.35
2020,목원대학교,본교,76.73,76.53
2020,목포가톨릭대학교,본교,70.83,65.38
2020,배재대학교,본교,74.09,73.91
2020,백석대학교,본교,75.89,73.83
2020,부산가톨릭대학교,본교,79.68,74.87
2020,부산디지털대학교,본교,126.67,146.15
2020,부산외국어대학교,본교,76.63,71.15
2020,부산장신대학교,본교,84.0,100.0
2020,사이버한국외국어대학교,본교,136.0,97.14
2020,삼육대학교,본교,83.0,72.92
2020,상명대학교,본교,85.44,71.93
2020,상지대학교,본교,70.63,79.71
2020,서강대학교,본교,73.07,75.09
2020,서경대학교,본교,86.59,75.39
2020,서울기독대학교,본교,70.73,85.29
2020,서울디지털대학교,본교,103.92,103.92
2020,서울사이버대학교,본교,107.41,92.06
2020,서울신학대학교,본교,69.72,68.75
2020,서울여자대학교,본교,68.31,66.47
2020,서울장신대학교,본교,90.24,92.5
2020,서울한영대학교,본교,85.71,92.31
2020,서원대학교,본교,73.87,71.34
2020,선문대학교,본교,74.18,71.49
2020,성결대학교,본교,75.2,73.18
2020,성공회대학교,본교,75.65,78.38
2020,성균관대학교,본교,129.42,105.54
2020,성신여자대학교,본교,66.67,67.7
2020,세명대학교,본교,70.57,69.13
2020,세종대학교,본교,84.18,73.82
2020,세종사이버대학교,본교,102.78,80.43
2020,세한대학교,본교,76.34,75.94
2020,송원대학교,본교,79.08,82.88
2020,수원가톨릭대학교,본교,57.89,137.5
2020,수원대학교,본교,65.01,67.84
2020,숙명여자대학교,본교,78.22,78.5
2020,순복음총회신학교,본교,93.33,155.56
2020,순천향대학교,본교,161.01,155.87
2020,숭실대학교,본교,81.34,68.82
2020,숭실사이버대학교,본교,140.0,106.06
2020,신경대학교,본교,77.08,132.14
2020,신라대학교,본교,72.35,72.35
2020,신한대학교,본교,104.71,93.68
2020,아세아연합신학대학교,본교,70.89,98.25
2020,아주대학교,본교,107.89,99.18
2020,안양대학교,본교,72.41,72.1
2020,연세대학교,본교,114.25,99.14
2020,영남대학교,본교,79.75,78.55
2020,영남신학대학교,본교,76.32,78.38
2020,영산대학교,본교,75.37,72.66
2020,영산선학대학교,본교,150.0,600.0
2020,예수대학교,본교,77.78,75.0
2020,예원예술대학교,본교,116.67,96.55
2020,용인대학교,본교,66.98,64.97
2020,우석대학교,본교,82.29,75.6
2020,우송대학교,본교,88.28,70.48
2020,우송대학교(산업대),본교,0.0,0.0
2020,울산대학교,본교,157.08,152.63
2020,원광대학교,본교,80.67,82.74
2020,원광디지털대학교,본교,100.0,92.59
2020,위덕대학교,본교,69.01,78.67
2020,유원대학교,본교,72.97,75.84
2020,을지대학교,본교,368.49,349.35
2020,이화여자대학교,본교,90.93,89.59
2020,인제대학교,본교,177.17,180.04
2020,인천가톨릭대학교,본교,316.67,380.0
2020,인하대학교,본교,92.23,80.29
2020,장로회신학대학교,본교,63.71,64.23
2020,전주대학교,본교,73.17,67.56
2020,정석대학,본교,0.0,0.0
2020,제주국제대학교,본교,44.44,113.21
2020,조선대학교,본교,71.38,71.18
2020,중부대학교,본교,76.14,71.94
2020,중앙대학교,본교,95.06,78.45
2020,중앙승가대학교,본교,60.0,136.36
2020,중원대학교,본교,71.07,67.31
2020,차의과학대학교,본교,196.89,189.32
2020,창신대학교,본교,84.11,87.38
2020,청운대학교,본교,75.21,58.9
2020,청주대학교,본교,72.4,70.15
2020,초당대학교,본교,74.83,72.44
2020,총신대학교,본교,65.12,62.22
2020,추계예술대학교,본교,76.47,81.25
2020,칼빈대학교,본교,87.1,60.0
2020,평택대학교,본교,72.73,70.94
2020,포항공과대학교,본교,116.87,139.23
2020,한국국제대학교,본교,60.16,100.0
2020,한국기술교육대학교,본교,94.47,88.26
2020,한국산업기술대학교,본교,89.26,83.39
2020,한국산업기술대학교(산업대),본교,0.0,0.0
2020,한국성서대학교,본교,84.91,77.59
2020,한국열린사이버대학교,본교,94.12,53.33
2020,한국외국어대학교,본교,88.54,77.54
2020,한국침례신학대학교,본교,39.13,45.0
2020,한국항공대학교,본교,82.35,75.34
2020,한남대학교,본교,75.4,75.13
2020,한동대학교,본교,95.76,78.22
2020,한라대학교,본교,75.0,72.83
2020,한려대학교,본교,61.19,178.26
2020,한림대학교,본교,180.19,175.68
2020,한북대학교,본교,0.0,0.0
2020,한서대학교,본교,80.54,73.3
2020,한성대학교,본교,82.13,75.72
2020,한세대학교,본교,79.25,78.75
2020,한신대학교,본교,75.42,71.77
2020,한양대학교,본교,96.9,86.42
2020,한양사이버대학교,본교,126.67,91.57
2020,한일장신대학교,본교,74.19,71.88
2020,협성대학교,본교,70.39,74.74
2020,호남대학교,본교,81.25,72.99
2020,호남신학대학교,본교,64.91,74.0
2020,호서대학교,본교,77.71,70.61
2020,호원대학교,본교,72.65,62.79
2020,홍익대학교,본교,79.52,69.49
2020,화신사이버대학교,본교,112.5,128.57
2021,가야대학교(김해),본교,72.36,87.25
2021,가천대학교,본교,103.86,85.04
2021,가톨릭관동대학교,본교,96.17,111.2
2021,가톨릭꽃동네대학교,본교,92.31,100.0
2021,가톨릭대학교,본교,71.99,68.35
2021,감리교신학대학교,본교,36.11,35.62
2021,강남대학교,본교,79.8,76.45
2021,강서대학교,본교,93.33,71.79
2021,건국대학교,본교,70.33,62.17
2021,건양대학교,본교,82.78,88.03
2021,건양사이버대학교,본교,120.0,100.0
2021,경기대학교,본교,85.47,80.75
2021,경남대학교,본교,76.68,84.45
2021,경동대학교,본교,165.0,106.45
2021,경성대학교,본교,79.55,76.09
2021,경운대학교,본교,81.4,88.74
2021,경운대학교(산업대),본교,0.0,0.0
2021,경일대학교,본교,78.82,73.98
2021,경주대학교,본교,39.47,142.86
2021,경희대학교,본교,92.46,74.9
2021,경희사이버대학교,본교,108.16,94.64
2021,계명대학교,본교,86.87,80.5
2021,고려대학교,본교,102.17,95.25
2021,고려사이버대학교,본교,115.0,86.79
2021,고신대학교,본교,112.31,117.58
2021,광신대학교,본교,85.96,96.08
2021,광운대학교,본교,79.57,68.81
2021,광주가톨릭대학교,본교,180.0,360.0
2021,광주대학교,본교,77.3,75.45
2021,광주여자대학교,본교,79.12,77.01
2021,국민대학교,본교,92.19,75.36
2021,국제사이버대학교,본교,106.67,94.12
2021,극동대학교,본교,75.0,90.0
2021,글로벌사이버대학교,본교,88.89,133.33
2021,금강대학교,본교,85.71,150.0
2021,김천대학교,본교,84.97,92.2
2021,나사렛대학교,본교,80.6,82.38
2021,남부대학교,본교,77.5,70.86
2021,남서울대학교,본교,77.21,72.49
2021,단국대학교,본교,82.45,76.07
2021,대구가톨릭대학교,본교,89.36,91.55
2021,대구대학교,본교,70.88,72.71
2021,대구사이버대학교,본교,120.0,104.35
2021,대구예술대학교,본교,40.48,85.0
2021,대구한의대학교,본교,67.49,65.51
2021,대신대학교,본교,97.14,109.68
2021,대전가톨릭대학교,본교,100.0,300.0
2021,대전대학교,본교,71.34,70.29
2021,대전신학대학교,본교,68.75,137.5
2021,대진대학교,본교,70.39,68.48
2021,덕성여자대학교,본교,93.39,84.64
2021,동국대학교,본교,94.05,83.16
2021,동덕여자대학교,본교,74.3,69.57
2021,동명대학교,본교,79.89,75.6
2021,동서대학교,본교,79.87,78.18
2021,동신대학교,본교,73.78,74.85
2021,동아대학교,본교,84.83,81.1
2021,동양대학교,본교,72.04,79.58
2021,동의대학교,본교,75.59,75.39
2021,디지털서울문화예술대학교,본교,110.53,116.67
2021,루터대학교,본교,94.44,100.0
2021,명지대학교,본교,80.51,76.82
2021,목원대학교,본교,76.15,78.16
2021,목포가톨릭대학교,본교,83.33,83.33
2021,배재대학교,본교,74.88,76.54
2021,백석대학교,본교,74.1,72.67
2021,부산가톨릭대학교,본교,77.54,74.36
2021,부산디지털대학교,본교,113.33,121.43
2021,부산외국어대학교,본교,79.29,78.82
2021,부산장신대학교,본교,83.33,100.0
2021,사이버한국외국어대학교,본교,128.0,88.89
2021,삼육대학교,본교,87.35,75.95
2021,상명대학교,본교,88.54,76.58
2021,상지대학교,본교,72.45,89.18
2021,서강대학교,본교,73.2,72.55
2021,서경대학교,본교,93.38,77.68
2021,서울기독대학교,본교,64.29,84.38
2021,서울디지털대학교,본교,100.0,91.23
2021,서울사이버대학교,본교,111.11,75.0
2021,서울신학대학교,본교,81.29,77.93
2021,서울여자대학교,본교,68.81,67.77
2021,서울장신대학교,본교,87.8,100.0
2021,서울한영대학교,본교,76.74,84.62
2021,서원대학교,본교,78.71,76.97
2021,선문대학교,본교,79.39,76.52
2021,성결대학교,본교,85.43,84.11
2021,성공회대학교,본교,77.19,80.73
2021,성균관대학교,본교,129.08,103.89
2021,성신여자대학교,본교,71.15,70.11
2021,세명대학교,본교,77.26,80.59
2021,세종대학교,본교,88.49,75.62
2021,세종사이버대학교,본교,108.33,73.58
2021,세한대학교,본교,76.4,72.34
2021,송원대학교,본교,75.68,74.67
2021,수원가톨릭대학교,본교,57.89,111.11
2021,수원대학교,본교,63.47,68.53
2021,숙명여자대학교,본교,76.36,75.04
2021,순복음총회신학교,본교,92.86,162.5
2021,순천향대학교,본교,161.01,156.4
2021,숭실대학교,본교,83.57,70.0
2021,숭실사이버대학교,본교,152.0,105.56
2021,신경대학교,본교,78.72,160.87
2021,신라대학교,본교,75.81,80.05
2021,신한대학교,본교,102.35,93.55
2021,아신대학교,본교,69.23,96.43
2021,아주대학교,본교,109.91,99.2
2021,안양대학교,본교,73.5,78.18
2021,연세대학교,본교,114.73,97.41
2021,영남대학교,본교,82.62,81.61
2021,영남신학대학교,본교,73.68,75.68
2021,영산대학교,본교,79.84,85.83
2021,영산선학대학교,본교,137.5,550.0
2021,예수대학교,본교,76.92,71.43
2021,예원예술대학교,본교,119.57,96.49
2021,용인대학교,본교,66.67,69.08
2021,우석대학교,본교,83.46,77.94
2021,우송대학교,본교,94.82,78.04
2021,우송대학교(산업대),본교,0.0,0.0
2021,울산대학교,본교,160.25,158.48
2021,원광대학교,본교,83.9,87.51
2021,원광디지털대학교,본교,96.0,85.71
2021,위덕대학교,본교,68.26,81.43
2021,유원대학교,본교,71.02,79.11
2021,을지대학교,본교,1266.67,1013.33
2021,이화여자대학교,본교,91.12,87.84
2021,인제대학교,본교,175.04,186.96
2021,인천가톨릭대학교,본교,350.0,525.0
2021,인하대학교,본교,92.75,79.67
2021,장로회신학대학교,본교,64.52,66.12
2021,전주대학교,본교,80.27,73.25
2021,정석대학,본교,0.0,0.0
2021,제주국제대학교,본교,52.54,140.91
2021,조선대학교,본교,76.69,79.5
2021,중부대학교,본교,81.12,80.1
2021,중앙대학교,본교,95.06,76.6
2021,중앙승가대학교,본교,72.0,200.0
2021,중원대학교,본교,77.78,72.41
2021,차의과학대학교,본교,205.8,203.08
2021,창신대학교,본교,77.98,86.73
2021,청운대학교,본교,79.66,66.43
2021,청주대학교,본교,76.62,74.77
2021,초당대학교,본교,79.87,74.84
2021,총신대학교,본교,63.53,60.67
2021,추계예술대학교,본교,77.61,77.61
2021,칼빈대학교,본교,87.1,67.5
2021,평택대학교,본교,73.23,74.36
2021,포항공과대학교,본교,114.8,132.26
2021,한국국제대학교,본교,55.26,108.62
2021,한국기술교육대학교,본교,97.5,92.42
2021,한국산업기술대학교,본교,86.87,78.18
2021,한국산업기술대학교(산업대),본교,0.0,0.0
2021,한국성서대학교,본교,86.54,76.27
2021,한국열린사이버대학교,본교,118.75,61.29
2021,한국외국어대학교,본교,86.2,74.89
2021,한국침례신학대학교,본교,46.02,59.77
2021,한국항공대학교,본교,83.5,76.79
2021,한남대학교,본교,80.71,81.74
2021,한동대학교,본교,90.3,72.68
2021,한라대학교,본교,77.65,82.5
2021,한려대학교,본교,60.0,163.64
2021,한림대학교,본교,174.48,172.5
2021,한북대학교,본교,0.0,0.0
2021,한서대학교,본교,82.48,76.47
2021,한성대학교,본교,82.45,75.57
2021,한세대학교,본교,76.1,79.08
2021,한신대학교,본교,81.2,74.22
2021,한양대학교,본교,97.0,82.39
2021,한양사이버대학교,본교,122.95,82.42
2021,한일장신대학교,본교,70.97,78.57
2021,협성대학교,본교,77.11,79.49
2021,호남대학교,본교,86.65,77.04
2021,호남신학대학교,본교,64.29,81.82
2021,호서대학교,본교,85.27,81.44
2021,호원대학교,본교,73.73,63.75
2021,홍익대학교,본교,80.54,69.63
2021,화신사이버대학교,본교,125.0,111.11
2022,가야대학교(김해),본교,71.05,86.17
2022,가천대학교,본교,105.76,87.08
2022,가톨릭관동대학교,본교,94.25,112.95
2022,가톨릭꽃동네대학교,본교,88.46,100.0
2022,가톨릭대학교,본교,76.2,70.42
2022,감리교신학대학교,본교,36.11,40.63
2022,강남대학교,본교,79.87,79.33
2022,강서대학교,본교,88.33,69.74
2022,건국대학교,본교,66.42,59.49
2022,건양대학교,본교,75.17,86.82
2022,건양사이버대학교,본교,113.33,94.44
2022,경기대학교,본교,80.31,78.22
2022,경남대학교,본교,73.14,80.08
2022,경동대학교,본교,207.14,126.09
2022,경성대학교,본교,75.26,75.0
2022,경운대학교,본교,76.03,85.19
2022,경운대학교(산업대),본교,0.0,0.0
2022,경일대학교,본교,77.43,72.65
2022,경주대학교,본교,31.37,123.08
2022,경희대학교,본교,92.27,74.85
2022,경희사이버대학교,본교,106.12,91.23
2022,계명대학교,본교,85.63,81.54
2022,고려대학교,본교,103.0,95.75
2022,고려사이버대학교,본교,112.82,83.02
2022,고신대학교,본교,108.89,120.0
2022,광신대학교,본교,86.21,98.04
2022,광운대학교,본교,78.1,68.91
2022,광주가톨릭대학교,본교,180.0,360.0
2022,광주대학교,본교,76.73,76.49
2022,광주여자대학교,본교,75.0,72.19
2022,국민대학교,본교,89.91,74.39
2022,국제사이버대학교,본교,113.33,100.0
2022,극동대학교,본교,73.94,93.92
2022,글로벌사이버대학교,본교,105.56,158.33
2022,금강대학교,본교,75.0,150.0
2022,김천대학교,본교,82.19,91.6
2022,나사렛대학교,본교,75.86,77.19
2022,남부대학교,본교,74.68,69.82
2022,남서울대학교,본교,77.12,72.19
2022,단국대학교,본교,76.21,69.5
2022,대구가톨릭대학교,본교,89.49,94.3
2022,대구대학교,본교,70.01,72.28
2022,대구사이버대학교,본교,120.0,96.0
2022,대구예술대학교,본교,39.24,103.33
2022,대구한의대학교,본교,67.22,67.97
2022,대신대학교,본교,80.0,93.33
2022,대전가톨릭대학교,본교,100.0,400.0
2022,대전대학교,본교,69.55,69.25
2022,대전신학대학교,본교,50.0,100.0
2022,대진대학교,본교,71.87,68.44
2022,덕성여자대학교,본교,91.42,84.19
2022,동국대학교,본교,91.2,81.36
2022,동덕여자대학교,본교,72.59,69.76
2022,동명대학교,본교,79.36,78.45
2022,동서대학교,본교,79.37,77.8
2022,동신대학교,본교,72.33,72.75
2022,동아대학교,본교,83.19,81.12
2022,동양대학교,본교,71.15,75.51
2022,동의대학교,본교,74.87,76.27
2022,디지털서울문화예술대학교,본교,94.74,100.0
2022,루터대학교,본교,94.44,100.0
2022,명지대학교,본교,76.2,72.9
2022,목원대학교,본교,74.55,76.72
2022,목포가톨릭대학교,본교,82.61,79.17
2022,배재대학교,본교,70.29,72.21
2022,백석대학교,본교,74.85,71.76
2022,부산가톨릭대학교,본교,77.72,73.71
2022,부산디지털대학교,본교,126.67,135.71
2022,부산외국어대학교,본교,74.62,77.43
2022,부산장신대학교,본교,82.61,118.75
2022,사이버한국외국어대학교,본교,120.0,88.24
2022,삼육대학교,본교,85.32,74.14
2022,상명대학교,본교,85.81,75.57
2022,상지대학교,본교,66.82,90.4
2022,서강대학교,본교,71.3,69.57
2022,서경대학교,본교,92.96,76.52
2022,서울기독대학교,본교,69.05,100.0
2022,서울디지털대학교,본교,117.31,107.02
2022,서울사이버대학교,본교,109.09,69.77
2022,서울신학대학교,본교,78.83,80.0
2022,서울여자대학교,본교,71.38,70.3
2022,서울장신대학교,본교,85.37,106.06
2022,서울한영대학교,본교,74.42,82.05
2022,서원대학교,본교,75.24,75.48
2022,선문대학교,본교,74.12,71.11
2022,성결대학교,본교,78.74,78.74
2022,성공회대학교,본교,76.52,85.44
2022,성균관대학교,본교,128.04,107.55
2022,성신여자대학교,본교,71.81,70.26
2022,세명대학교,본교,75.13,81.53
2022,세종대학교,본교,89.43,76.28
2022,세종사이버대학교,본교,114.29,72.73
2022,세한대학교,본교,73.53,64.43
2022,송원대학교,본교,70.83,67.11
2022,수원가톨릭대학교,본교,47.37,100.0
2022,수원대학교,본교,63.58,69.6
2022,숙명여자대학교,본교,75.09,75.35
2022,순복음총회신학교,본교,108.33,216.67
2022,순천향대학교,본교,160.9,158.16
2022,숭실대학교,본교,79.19,64.64
2022,숭실사이버대학교,본교,160.0,105.26
2022,신라대학교,본교,73.22,82.4
2022,신한대학교,본교,103.53,102.33
2022,아신대학교,본교,71.05,105.88
2022,아주대학교,본교,111.66,99.47
2022,안양대학교,본교,71.43,73.99
2022,연세대학교,본교,113.96,96.6
2022,영남대학교,본교,84.64,84.57
2022,영남신학대학교,본교,68.42,76.47
2022,영산대학교,본교,82.26,90.27
2022,영산선학대학교,본교,137.5,550.0
2022,예수대학교,본교,76.92,71.43
2022,예원예술대학교,본교,117.78,92.98
2022,용인대학교,본교,65.48,69.05
2022,우석대학교,본교,79.47,74.94
2022,우송대학교,본교,79.02,63.41
2022,우송대학교(산업대),본교,0.0,0.0
2022,울산대학교,본교,157.74,161.57
2022,원광대학교,본교,81.51,91.61
2022,원광디지털대학교,본교,108.0,90.0
2022,위덕대학교,본교,68.29,84.21
2022,유원대학교,본교,74.27,79.87
2022,을지대학교,본교,1320.83,1093.1
2022,이화여자대학교,본교,92.0,90.07
2022,인제대학교,본교,177.11,192.63
2022,인천가톨릭대학교,본교,380.0,475.0
2022,인하대학교,본교,95.66,83.4
2022,장로회신학대학교,본교,64.52,67.23
2022,전주대학교,본교,70.71,64.73
2022,정석대학,본교,0.0,0.0
2022,제주국제대학교,본교,55.77,165.71
2022,조선대학교,본교,73.64,77.65
2022,중부대학교,본교,75.77,78.99
2022,중앙대학교,본교,98.57,79.93
2022,중앙승가대학교,본교,72.0,225.0
2022,중원대학교,본교,77.42,75.0
2022,차의과학대학교,본교,209.29,198.74
2022,창신대학교,본교,82.18,88.3
2022,청운대학교,본교,72.84,60.36
2022,청주대학교,본교,69.77,68.47
2022,초당대학교,본교,79.87,75.32
2022,총신대학교,본교,73.21,73.65
2022,추계예술대학교,본교,84.85,78.87
2022,칼빈대학교,본교,106.25,68.0
2022,평택대학교,본교,70.53,77.91
2022,포항공과대학교,본교,114.57,129.22
2022,한국공학대학교,본교,86.53,76.72
2022,한국국제대학교,본교,60.4,160.53
2022,한국기술교육대학교,본교,96.0,89.72
2022,한국산업기술대학교(산업대),본교,0.0,0.0
2022,한국성서대학교,본교,83.02,77.19
2022,한국열린사이버대학교,본교,113.33,56.67
2022,한국외국어대학교,본교,83.96,75.76
2022,한국침례신학대학교,본교,47.66,61.45
2022,한국항공대학교,본교,82.93,72.03
2022,한남대학교,본교,75.95,74.6
2022,한동대학교,본교,91.07,74.63
2022,한라대학교,본교,75.3,85.03
2022,한림대학교,본교,174.2,177.44
2022,한북대학교,본교,0.0,0.0
2022,한서대학교,본교,79.52,75.86
2022,한성대학교,본교,82.55,74.02
2022,한세대학교,본교,73.58,78.0
2022,한신대학교,본교,77.45,72.51
2022,한양대학교,본교,103.74,88.56
2022,한양사이버대학교,본교,127.42,84.04
2022,한일장신대학교,본교,70.97,80.0
2022,협성대학교,본교,73.76,79.26
2022,호남대학교,본교,85.21,75.0
2022,호남신학대학교,본교,69.81,86.05
2022,호서대학교,본교,79.69,78.83
2022,호원대학교,본교,69.44,58.59
2022,홍익대학교,본교,78.0,65.68
2022,화성의과학대학교,본교,72.34,170.0
2022,화신사이버대학교,본교,128.57,100.0
2023,가야대학교(김해),본교,71.03,87.36
2023,가천대학교,본교,103.76,82.43
2023,가톨릭관동대학교,본교,94.19,122.33
2023,가톨릭꽃동네대학교,본교,85.19,95.83
2023,가톨릭대학교,본교,75.92,65.53
2023,감리교신학대학교,본교,37.14,42.62
2023,강남대학교,본교,77.85,75.32
2023,강서대학교,본교,88.33,68.83
2023,건국대학교,본교,67.21,59.16
2023,건양대학교,본교,76.92,85.27
2023,건양사이버대학교,본교,112.5,94.74
2023,경기대학교,본교,80.81,72.17
2023,경남대학교,본교,76.3,82.73
2023,경동대학교,본교,357.14,80.65
2023,경성대학교,본교,71.08,69.84
2023,경운대학교,본교,73.03,77.53
2023,경일대학교,본교,82.65,77.29
2023,경주대학교,본교,28.85,100.0
2023,경희대학교,본교,94.71,75.79
2023,경희사이버대학교,본교,104.08,87.93
2023,계명대학교,본교,80.84,77.01
2023,고려대학교,본교,104.1,94.37
2023,고려사이버대학교,본교,118.42,88.24
2023,고신대학교,본교,104.04,123.58
2023,광신대학교,본교,86.21,100.0
2023,광운대학교,본교,76.18,67.57
2023,광주가톨릭대학교,본교,160.0,320.0
2023,광주대학교,본교,75.91,79.58
2023,광주여자대학교,본교,69.78,70.95
2023,국민대학교,본교,88.99,72.7
2023,국제사이버대학교,본교,113.33,94.44
2023,극동대학교,본교,72.28,90.48
2023,글로벌사이버대학교,본교,89.47,141.67
2023,금강대학교,본교,75.0,166.67
2023,김천대학교,본교,75.91,87.39
2023,나사렛대학교,본교,74.57,75.55
2023,남부대학교,본교,74.68,72.33
2023,남서울대학교,본교,75.12,69.98
2023,단국대학교,본교,77.52,69.74
2023,대구가톨릭대학교,본교,88.37,92.08
2023,대구대학교,본교,66.83,68.85
2023,대구사이버대학교,본교,120.0,100.0
2023,대구예술대학교,본교,39.19,131.82
2023,대구한의대학교,본교,63.54,63.54
2023,대신대학교,본교,80.0,83.87
2023,대전가톨릭대학교,본교,91.67,366.67
2023,대전대학교,본교,70.16,70.0
2023,대전신학대학교,본교,50.0,100.0
2023,대진대학교,본교,71.71,71.91
2023,덕성여자대학교,본교,91.67,79.47
2023,동국대학교,본교,89.37,76.09
2023,동덕여자대학교,본교,69.91,65.59
2023,동명대학교,본교,73.65,68.91
2023,동서대학교,본교,80.32,78.68
2023,동신대학교,본교,72.81,73.45
2023,동아대학교,본교,82.61,81.15
2023,동양대학교,본교,67.8,70.2
2023,동의대학교,본교,74.03,76.58
2023,디지털서울문화예술대학교,본교,78.95,88.24
2023,루터대학교,본교,88.89,88.89
2023,명지대학교,본교,80.36,74.72
2023,목원대학교,본교,71.69,74.8
2023,목포가톨릭대학교,본교,78.26,72.0
2023,배재대학교,본교,68.55,71.91
2023,백석대학교,본교,73.27,70.67
2023,부산가톨릭대학교,본교,76.24,74.19
2023,부산디지털대학교,본교,126.67,146.15
2023,부산외국어대학교,본교,74.29,75.0
2023,부산장신대학교,본교,77.27,100.0
2023,사이버한국외국어대학교,본교,132.0,97.06
2023,삼육대학교,본교,85.32,69.81
2023,상명대학교,본교,85.81,74.93
2023,상지대학교,본교,58.12,77.68
2023,서강대학교,본교,73.23,69.06
2023,서경대학교,본교,95.86,77.04
2023,서울기독대학교,본교,64.29,96.43
2023,서울디지털대학교,본교,98.08,91.07
2023,서울사이버대학교,본교,126.79,82.56
2023,서울신학대학교,본교,76.3,77.44
2023,서울여자대학교,본교,71.38,70.09
2023,서울장신대학교,본교,87.5,112.9
2023,서울한영대학교,본교,78.57,78.57
2023,서원대학교,본교,74.52,75.0
2023,선문대학교,본교,69.34,67.12
2023,성결대학교,본교,73.62,73.62
2023,성공회대학교,본교,71.93,78.85
2023,성균관대학교,본교,128.05,103.83
2023,성신여자대학교,본교,68.57,65.14
2023,세명대학교,본교,70.62,77.51
2023,세종대학교,본교,89.66,72.45
2023,세종사이버대학교,본교,125.0,83.33
2023,세한대학교,본교,74.23,62.69
2023,송원대학교,본교,74.1,72.54
2023,수원가톨릭대학교,본교,52.63,88.89
2023,수원대학교,본교,66.73,73.44
2023,숙명여자대학교,본교,74.12,71.24
2023,순복음총회신학교,본교,91.67,183.33
2023,순천향대학교,본교,165.5,154.16
2023,숭실대학교,본교,78.6,62.29
2023,숭실사이버대학교,본교,156.0,100.0
2023,신라대학교,본교,72.07,81.87
2023,신한대학교,본교,103.95,95.18
2023,아신대학교,본교,72.6,115.22
2023,아주대학교,본교,111.68,99.2
2023,안양대학교,본교,69.66,69.96
2023,연세대학교,본교,115.48,94.43
2023,영남대학교,본교,82.43,81.91
2023,영남신학대학교,본교,71.05,93.1
2023,영산대학교,본교,78.63,86.79
2023,영산선학대학교,본교,137.5,550.0
2023,예수대학교,본교,76.92,76.92
2023,예원예술대학교,본교,111.9,102.17
2023,용인대학교,본교,66.45,68.71
2023,우석대학교,본교,79.08,77.81
2023,우송대학교,본교,85.71,68.61
2023,우송대학교(산업대),본교,0.0,0.0
2023,울산대학교,본교,154.49,158.27
2023,원광대학교,본교,80.53,88.87
2023,원광디지털대학교,본교,116.0,96.67
2023,위덕대학교,본교,69.74,86.18
2023,유원대학교,본교,69.46,75.32
2023,을지대학교,본교,1325.0,993.75
2023,이화여자대학교,본교,91.6,86.43
2023,인제대학교,본교,179.5,195.62
2023,인천가톨릭대학교,본교,380.0,633.33
2023,인하대학교,본교,98.45,83.26
2023,장로회신학대학교,본교,64.52,68.97
2023,전주대학교,본교,68.27,67.75
2023,정석대학,본교,0.0,0.0
2023,제주국제대학교,본교,54.35,172.41
2023,조선대학교,본교,73.72,75.99
2023,중부대학교,본교,71.39,69.74
2023,중앙대학교,본교,101.32,80.73
2023,중앙승가대학교,본교,64.0,200.0
2023,중원대학교,본교,78.77,84.43
2023,차의과학대학교,본교,212.33,203.38
2023,창신대학교,본교,86.17,83.51
2023,청운대학교,본교,71.81,59.71
2023,청주대학교,본교,69.96,67.65
2023,초당대학교,본교,75.68,73.68
2023,총신대학교,본교,73.17,76.92
2023,추계예술대학교,본교,81.54,73.61
2023,칼빈대학교,본교,142.42,58.75
2023,평택대학교,본교,70.21,78.57
2023,포항공과대학교,본교,115.92,125.66
2023,한국공학대학교,본교,85.91,75.96
2023,한국기술교육대학교,본교,94.0,88.26
2023,한국산업기술대학교(산업대),본교,0.0,0.0
2023,한국성서대학교,본교,84.62,77.19
2023,한국열린사이버대학교,본교,166.67,83.33
2023,한국외국어대학교,본교,82.31,74.12
2023,한국침례신학대학교,본교,46.0,59.74
2023,한국항공대학교,본교,80.88,69.92
2023,한남대학교,본교,74.09,71.1
2023,한동대학교,본교,88.69,73.04
2023,한라대학교,본교,71.95,79.73
2023,한림대학교,본교,173.15,173.55
2023,한북대학교,본교,0.0,0.0
2023,한서대학교,본교,78.55,75.14
2023,한성대학교,본교,82.55,71.62
2023,한세대학교,본교,68.99,72.67
2023,한신대학교,본교,77.02,70.98
2023,한양대학교,본교,104.26,85.19
2023,한양사이버대학교,본교,127.42,86.81
2023,한일장신대학교,본교,67.21,83.67
2023,협성대학교,본교,70.94,77.84
2023,호남대학교,본교,83.58,76.09
2023,호남신학대학교,본교,69.23,97.3
2023,호서대학교,본교,73.95,69.71
2023,호원대학교,본교,69.77,58.82
2023,홍익대학교,본교,75.18,62.63
2023,화성의과학대학교,본교,60.42,138.1
2023,화신사이버대학교,본교,112.5,90.0
2024,가야대학교(김해),본교,68.63,82.35
2024,가천대학교,본교,104.83,81.08
2024,가톨릭관동대학교,본교,91.12,129.6
2024,가톨릭꽃동네대학교,본교,88.89,104.35
2024,가톨릭대학교,본교,74.07,60.75
2024,감리교신학대학교,본교,36.23,40.98
2024,강남대학교,본교,73.24,73.99
2024,강서대학교,본교,93.22,69.62
2024,건국대학교,본교,70.03,62.02
2024,건양대학교,본교,82.09,94.02
2024,건양사이버대학교,본교,100.0,85.0
2024,경기대학교,본교,77.02,69.79
2024,경남대학교,본교,77.18,83.48
2024,경동대학교,본교,1300.0,63.41
2024,경성대학교,본교,67.55,64.48
2024,경운대학교,본교,69.42,68.02
2024,경일대학교,본교,80.0,72.83
2024,경희대학교,본교,94.84,78.25
2024,경희사이버대학교,본교,104.08,89.47
2024,계명대학교,본교,82.15,82.23
2024,고려대학교,본교,107.83,99.74
2024,고려사이버대학교,본교,117.95,88.46
2024,고신대학교,본교,97.04,127.18
2024,광신대학교,본교,87.72,98.04
2024,광운대학교,본교,74.59,66.39
2024,광주가톨릭대학교,본교,133.33,320.0
2024,광주대학교,본교,74.13,79.1
2024,광주여자대학교,본교,66.85,72.46
2024,국민대학교,본교,86.47,71.88
2024,국제사이버대학교,본교,113.33,94.44
2024,극동대학교,본교,66.67,77.63
2024,글로벌사이버대학교,본교,89.47,130.77
2024,금강대학교,본교,60.0,240.0
2024,김천대학교,본교,73.88,86.09
2024,나사렛대학교,본교,71.55,75.11
2024,남부대학교,본교,72.48,72.0
2024,남서울대학교,본교,73.33,67.4
2024,단국대학교,본교,76.36,69.45
2024,대구가톨릭대학교,본교,88.8,93.43
2024,대구대학교,본교,64.6,67.01
2024,대구사이버대학교,본교,120.0,96.0
2024,대구예술대학교,본교,33.82,164.29
2024,대구한의대학교,본교,63.09,60.74
2024,대신대학교,본교,91.18,93.94
2024,대전가톨릭대학교,본교,91.67,366.67
2024,대전대학교,본교,67.88,69.3
2024,대전신학대학교,본교,50.0,80.0
2024,대진대학교,본교,68.84,67.88
2024,덕성여자대학교,본교,87.34,76.63
2024,동국대학교,본교,88.95,75.66
2024,동덕여자대학교,본교,71.2,65.41
2024,동명대학교,본교,71.43,66.57
2024,동서대학교,본교,77.62,75.46
2024,동신대학교,본교,70.21,69.39
2024,동아대학교,본교,80.43,81.3
2024,동양대학교,본교,65.37,64.73
2024,동의대학교,본교,74.83,77.87
2024,디지털서울문화예술대학교,본교,84.21,106.67
2024,루터대학교,본교,88.89,100.0
2024,명지대학교,본교,80.62,74.22
2024,목원대학교,본교,69.87,71.73
2024,목포가톨릭대학교,본교,86.96,83.33
2024,배재대학교,본교,68.01,70.5
2024,백석대학교,본교,75.19,71.32
2024,부산가톨릭대학교,본교,75.44,68.25
2024,부산디지털대학교,본교,126.67,146.15
2024,부산외국어대학교,본교,74.27,73.79
2024,부산장신대학교,본교,80.95,106.25
2024,사이버한국외국어대학교,본교,132.0,100.0
2024,삼육대학교,본교,82.61,71.09
2024,상명대학교,본교,83.12,75.29
2024,상지대학교,본교,63.37,82.05
2024,서강대학교,본교,75.05,67.89
2024,서경대학교,본교,93.01,75.07
2024,서울기독대학교,본교,71.43,76.92
2024,서울디지털대학교,본교,106.12,92.86
2024,서울사이버대학교,본교,128.07,85.88
2024,서울신학대학교,본교,74.81,75.97
2024,서울여자대학교,본교,70.64,67.94
2024,서울장신대학교,본교,76.32,100.0
2024,서울한영대학교,본교,69.05,67.44
2024,서원대학교,본교,69.35,65.95
2024,선문대학교,본교,68.24,67.92
2024,성결대학교,본교,70.12,69.57
2024,성공회대학교,본교,72.17,81.37
2024,성균관대학교,본교,128.06,106.7
2024,성신여자대학교,본교,70.24,66.6
2024,세명대학교,본교,70.51,78.19
2024,세종대학교,본교,91.71,71.43
2024,세종사이버대학교,본교,127.03,83.93
2024,세한대학교,본교,83.23,68.02
2024,송원대학교,본교,69.85,66.9
2024,수원가톨릭대학교,본교,47.37,100.0
2024,수원대학교,본교,64.08,72.18
2024,숙명여자대학교,본교,73.4,70.41
2024,순복음총회신학교,본교,81.82,150.0
2024,순천향대학교,본교,167.48,156.28
2024,숭실대학교,본교,76.28,59.85
2024,숭실사이버대학교,본교,156.0,100.0
2024,신경주대학교,본교,32.72,115.22
2024,신라대학교,본교,72.68,77.4
2024,신한대학교,본교,113.85,78.72
2024,아신대학교,본교,61.19,97.62
2024,아주대학교,본교,110.75,100.54
2024,안양대학교,본교,64.38,65.79
2024,연세대학교,본교,120.68,100.68
2024,영남대학교,본교,81.31,83.86
2024,영남신학대학교,본교,71.05,87.1
2024,영산대학교(해운대),본교,68.29,67.07
2024,영산선학대학교,본교,125.0,1000.0
2024,예수대학교,본교,76.92,80.0
2024,예원예술대학교,본교,113.16,87.76
2024,용인대학교,본교,65.66,67.24
2024,우석대학교,본교,74.37,72.53
2024,우송대학교,본교,77.92,61.1
2024,우송대학교(산업대),본교,0.0,0.0
2024,울산대학교,본교,156.35,169.66
2024,원광대학교,본교,79.07,86.97
2024,원광디지털대학교,본교,104.0,83.87
2024,위덕대학교,본교,66.43,79.49
2024,유원대학교,본교,69.88,70.73
2024,을지대학교,본교,1254.17,940.63
2024,이화여자대학교,본교,92.64,85.15
2024,인제대학교,본교,178.95,220.45
2024,인천가톨릭대학교,본교,380.0,633.33
2024,인하대학교,본교,99.22,86.05
2024,장로회신학대학교,본교,66.39,68.7
2024,전주대학교,본교,64.23,65.62
2024,정석대학,본교,0.0,0.0
2024,제주국제대학교,본교,50.0,164.29
2024,조선대학교,본교,74.29,81.6
2024,중부대학교,본교,68.94,63.09
2024,중앙대학교,본교,104.96,87.36
2024,중앙승가대학교,본교,64.0,228.57
2024,중원대학교,본교,75.44,75.44
2024,차의과학대학교,본교,227.06,252.55
2024,창신대학교,본교,84.09,76.29
2024,청운대학교,본교,72.94,56.38
2024,청주대학교,본교,68.57,62.5
2024,초당대학교,본교,68.97,74.63
2024,총신대학교,본교,69.14,70.0
2024,추계예술대학교,본교,76.56,75.38
2024,칼빈대학교,본교,224.24,69.81
2024,태재대학교,본교,1100.0,1100.0
2024,평택대학교,본교,65.56,72.39
2024,포항공과대학교,본교,115.1,124.23
2024,한국공학대학교,본교,85.95,76.26
2024,한국기술교육대학교,본교,92.89,85.12
2024,한국산업기술대학교(산업대),본교,0.0,0.0
2024,한국성서대학교,본교,84.62,81.48
2024,한국열린사이버대학교,본교,160.0,77.42
2024,한국외국어대학교,본교,81.79,73.2
2024,한국침례신학대학교,본교,57.78,73.24
2024,한국항공대학교,본교,81.86,69.58
2024,한남대학교,본교,71.19,67.6
2024,한동대학교,본교,92.55,74.13
2024,한라대학교,본교,69.75,73.86
2024,한림대학교,본교,169.68,189.9
2024,한북대학교,본교,0.0,0.0
2024,한서대학교,본교,75.54,76.0
2024,한성대학교,본교,84.11,71.81
2024,한세대학교,본교,68.35,72.0
2024,한신대학교,본교,75.21,70.4
2024,한양대학교,본교,105.94,90.35
2024,한양사이버대학교,본교,124.19,84.62
2024,한일장신대학교,본교,63.93,84.78
2024,협성대학교,본교,67.49,76.54
2024,호남대학교,본교,79.82,69.55
2024,호남신학대학교,본교,64.71,91.67
2024,호서대학교,본교,72.31,68.52
2024,호원대학교,본교,67.14,58.61
2024,홍익대학교,본교,72.2,60.74
2024,화성의과학대학교,본교,65.96,134.78
2024,화신사이버대학교,본교,112.5,100.0
2025,가야대학교(김해),본교,68.04,80.49
2025,가천대학교,본교,105.18,79.28
2025,가톨릭관동대학교,본교,94.16,124.56
2025,가톨릭꽃동네대학교,본교,85.19,95.83
2025,가톨릭대학교,본교,72.39,57.37
2025,감리교신학대학교,본교,35.82,38.71
2025,강남대학교,본교,68.67,67.1
2025,강서대학교,본교,90.0,66.67
2025,건국대학교,본교,68.14,59.08
2025,건양대학교,본교,84.25,95.54
2025,건양사이버대학교,본교,100.0,80.95
2025,경기대학교,본교,75.26,68.9
2025,경남대학교,본교,77.66,80.75
2025,경동대학교,본교,362.5,54.72
2025,경성대학교,본교,64.13,59.51
2025,경운대학교,본교,65.99,58.63
2025,경일대학교,본교,76.53,67.81
2025,경희대학교,본교,94.51,76.99
2025,경희사이버대학교,본교,102.04,89.29
2025,계명대학교,본교,80.4,78.01
2025,고려대학교,본교,110.41,96.91
2025,고려사이버대학교,본교,115.38,84.91
2025,고신대학교,본교,96.18,117.76
2025,광신대학교,본교,89.29,98.04
2025,광운대학교,본교,72.58,62.15
2025,광주가톨릭대학교,본교,125.0,300.0
2025,광주대학교,본교,72.46,77.82
2025,광주여자대학교,본교,67.96,73.65
2025,국민대학교,본교,88.21,72.49
2025,국제사이버대학교,본교,113.33,89.47
2025,극동대학교,본교,60.56,66.46
2025,글로벌사이버대학교,본교,84.21,114.29
2025,금강대학교,본교,65.0,325.0
2025,김천대학교,본교,75.19,81.3
2025,나사렛대학교,본교,67.09,73.36
2025,남부대학교,본교,72.97,77.7
2025,남서울대학교,본교,69.27,61.68
2025,단국대학교,본교,73.76,67.19
2025,대구가톨릭대학교,본교,88.1,82.13
2025,대구대학교,본교,62.85,63.65
2025,대구사이버대학교,본교,120.0,141.18
2025,대구예술대학교,본교,26.98,130.77
2025,대구한의대학교,본교,60.93,56.46
2025,대신대학교,본교,108.33,51.32
2025,대전가톨릭대학교,본교,91.67,366.67
2025,대전대학교,본교,64.57,65.48
2025,대전신학대학교,본교,43.75,70.0
2025,대진대학교,본교,66.19,61.11
2025,덕성여자대학교,본교,84.91,73.23
2025,동국대학교,본교,89.09,74.48
2025,동덕여자대학교,본교,67.3,66.67
2025,동명대학교,본교,71.12,63.26
2025,동서대학교,본교,77.86,75.29
2025,동신대학교,본교,67.87,62.43
2025,동아대학교,본교,76.8,76.14
2025,동양대학교,본교,62.25,58.8
2025,동의대학교,본교,73.92,75.97
2025,디지털서울문화예술대학교,본교,94.44,113.33
2025,루터대학교,본교,83.33,100.0
2025,명지대학교,본교,79.87,72.16
2025,목원대학교,본교,68.22,68.57
2025,목포가톨릭대학교,본교,87.5,91.3
2025,배재대학교,본교,65.46,67.55
2025,백석대학교,본교,71.27,66.1
2025,부산가톨릭대학교,본교,75.46,66.13
2025,부산디지털대학교,본교,126.67,118.75
2025,부산외국어대학교,본교,73.54,71.1
2025,부산장신대학교,본교,71.43,107.14
2025,사이버한국외국어대학교,본교,130.77,103.03
2025,삼육대학교,본교,75.7,64.85
2025,상명대학교,본교,79.61,70.69
2025,상지대학교,본교,65.24,78.96
2025,서강대학교,본교,76.35,65.71
2025,서경대학교,본교,90.91,70.03
2025,서울기독대학교,본교,88.1,55.22
2025,서울디지털대학교,본교,104.26,87.5
2025,서울사이버대학교,본교,132.73,90.12
2025,서울신학대학교,본교,74.42,75.0
2025,서울여자대학교,본교,68.09,61.37
2025,서울장신대학교,본교,72.97,84.38
2025,서울한영대학교,본교,64.29,60.0
2025,서원대학교,본교,71.57,62.57
2025,선문대학교,본교,65.42,64.67
2025,성결대학교,본교,66.27,66.01
2025,성공회대학교,본교,69.57,72.07
2025,성균관대학교,본교,124.24,104.19
2025,성신여자대학교,본교,70.9,66.39
2025,세명대학교,본교,67.74,77.78
2025,세종대학교,본교,91.19,68.05
2025,세종사이버대학교,본교,129.73,81.36
2025,세한대학교,본교,67.27,64.53
2025,송원대학교,본교,69.17,69.7
2025,수원가톨릭대학교,본교,42.86,114.29
2025,수원대학교,본교,63.14,69.98
2025,숙명여자대학교,본교,74.25,71.58
2025,순복음총회신학교,본교,72.73,133.33
2025,순천향대학교,본교,162.69,155.96
2025,숭실대학교,본교,81.86,63.54
2025,숭실사이버대학교,본교,152.0,97.44
2025,신경주대학교,본교,25.43,68.75
2025,신라대학교,본교,77.27,75.56
2025,신한대학교,본교,120.37,58.56
2025,아신대학교,본교,58.06,90.0
2025,아주대학교,본교,111.99,95.04
2025,안양대학교,본교,61.21,61.21
2025,연세대학교,본교,121.66,98.75
2025,영남대학교,본교,80.21,78.87
2025,영남신학대학교,본교,64.86,72.73
2025,영산대학교(해운대),본교,63.46,61.11
2025,영산선학대학교,본교,137.5,1100.0
2025,예수대학교,본교,80.0,76.92
2025,예원예술대학교,본교,140.0,127.27
2025,용인대학교,본교,65.44,66.55
2025,우석대학교,본교,72.51,66.13
2025,우송대학교,본교,86.53,68.72
2025,우송대학교(산업대),본교,0.0,0.0
2025,울산대학교,본교,158.93,168.46
2025,원광대학교,본교,77.75,82.38
2025,원광디지털대학교,본교,108.33,100.0
2025,위덕대학교,본교,65.38,77.98
2025,유원대학교,본교,70.7,59.68
2025,을지대학교,본교,1088.89,890.91
2025,이화여자대학교,본교,91.79,82.42
2025,인제대학교,본교,182.57,195.34
2025,인천가톨릭대학교,본교,400.0,500.0
2025,인하대학교,본교,98.88,81.96
2025,장로회신학대학교,본교,66.1,67.83
2025,전주대학교,본교,62.19,64.41
2025,정석대학,본교,0.0,0.0
2025,제주국제대학교,본교,35.87,143.48
2025,조선대학교,본교,72.22,74.92
2025,중부대학교,본교,99.43,81.59
2025,중앙대학교,본교,109.16,87.86
2025,중앙승가대학교,본교,60.0,250.0
2025,중원대학교,본교,75.0,69.89
2025,차의과학대학교,본교,221.15,205.74
2025,창신대학교,본교,87.95,74.49
2025,청운대학교,본교,73.33,56.0
2025,청주대학교,본교,83.68,66.32
2025,초당대학교,본교,61.11,79.28
2025,총신대학교,본교,65.0,64.6
2025,추계예술대학교,본교,72.31,71.21
2025,칼빈대학교,본교,242.42,68.97
2025,태재대학교,본교,450.0,900.0
2025,평택대학교,본교,66.67,73.62
2025,포항공과대학교,본교,111.37,120.85
2025,한국공학대학교,본교,86.42,73.73
2025,한국기술교육대학교,본교,93.4,85.58
2025,한국성서대학교,본교,77.36,75.93
2025,한국열린사이버대학교,본교,173.33,89.66
2025,한국외국어대학교,본교,80.0,71.0
2025,한국침례신학대학교,본교,66.27,80.88
2025,한국항공대학교,본교,82.35,66.93
2025,한남대학교,본교,70.64,66.27
2025,한동대학교,본교,89.57,74.49
2025,한라대학교,본교,67.7,74.66
2025,한림대학교,본교,159.86,165.88
2025,한서대학교,본교,70.46,70.68
2025,한성대학교,본교,87.31,73.06
2025,한세대학교,본교,62.89,64.52
2025,한신대학교,본교,74.79,71.14
2025,한양대학교,본교,105.65,86.18
2025,한양사이버대학교,본교,125.4,88.76
2025,한일장신대학교,본교,60.66,86.05
2025,협성대학교,본교,63.68,72.73
2025,호남대학교,본교,73.86,67.5
2025,호남신학대학교,본교,65.31,88.89
2025,호서대학교,본교,66.06,62.97
2025,호원대학교,본교,68.12,59.0
2025,홍익대학교,본교,75.35,62.96
2025,화성의과학대학교,본교,67.39,119.23
2025,화신사이버대학교,본교,112.5,100.0
